[2026-10-04 20:49:06] local.ERROR: SQLSTATE[HY000]: General error: 1364 Field 'school_id' doesn't have a default value (Connection: mysql, Host: 127.0.0.1, Port: 3306, Database: db_minurulhuda3, SQL: insert into `activity_logs` (`user_id`, `action`, `module`, `subject_id`, `keterangan`, `ip_address`, `user_agent`, `created_at`) values (3, create, kelas, 6, Kelas 1A (Tingkat 1) dibuat., 127.0.0.1, Mozilla/5.0 (Macintosh; Intel Mac OS X 10_15_7) AppleWebKit/605.1.15 (KHTML, like Gecko) Version/26.2 Safari/605.1.15, 2026-10-04 20:49:06)) {"userId":3,"exception":"[object] (Illuminate\\Database\\QueryException(code: HY000): SQLSTATE[HY000]: General error: 1364 Field 'school_id' doesn't have a default value (Connection: mysql, Host: 127.0.0.1, Port: 3306, Database: db_minurulhuda3, SQL: insert into `activity_logs` (`user_id`, `action`, `module`, `subject_id`, `keterangan`, `ip_address`, `user_agent`, `created_at`) values (3, create, kelas, 6, Kelas 1A (Tingkat 1) dibuat., 127.0.0.1, Mozilla/5.0 (Macintosh; Intel Mac OS X 10_15_7) AppleWebKit/605.1.15 (KHTML, like Gecko) Version/26.2 Safari/605.1.15, 2026-10-04 20:49:06)) at /Users/sahalanwarhadi/project_Sahal/Scholara/backend/vendor/laravel/framework/src/Illuminate/Database/Connection.php:838)
[stacktrace]
#0 /Users/sahalanwarhadi/project_Sahal/Scholara/backend/vendor/laravel/framework/src/Illuminate/Database/Connection.php(794): Illuminate\\Database\\Connection->runQueryCallback('insert into `ac...', Array, Object(Closure))
#1 /Users/sahalanwarhadi/project_Sahal/Scholara/backend/vendor/laravel/framework/src/Illuminate/Database/MySqlConnection.php(42): Illuminate\\Database\\Connection->run('insert into `ac...', Array, Object(Closure))
#2 /Users/sahalanwarhadi/project_Sahal/Scholara/backend/vendor/laravel/framework/src/Illuminate/Database/Query/Processors/MySqlProcessor.php(35): Illuminate\\Database\\MySqlConnection->insert('insert into `ac...', Array, 'id')
#3 /Users/sahalanwarhadi/project_Sahal/Scholara/backend/vendor/laravel/framework/src/Illuminate/Database/Query/Builder.php(4170): Illuminate\\Database\\Query\\Processors\\MySqlProcessor->processInsertGetId(Object(Illuminate\\Database\\Query\\Builder), 'insert into `ac...', Array, 'id')
#4 /Users/sahalanwarhadi/project_Sahal/Scholara/backend/vendor/laravel/framework/src/Illuminate/Database/Eloquent/Builder.php(2237): Illuminate\\Database\\Query\\Builder->insertGetId(Array, 'id')
#5 /Users/sahalanwarhadi/project_Sahal/Scholara/backend/vendor/laravel/framework/src/Illuminate/Database/Eloquent/Model.php(1436): Illuminate\\Database\\Eloquent\\Builder->__call('insertGetId', Array)
#6 /Users/sahalanwarhadi/project_Sahal/Scholara/backend/vendor/laravel/framework/src/Illuminate/Database/Eloquent/Model.php(1401): Illuminate\\Database\\Eloquent\\Model->insertAndSetId(Object(Illuminate\\Database\\Eloquent\\Builder), Array)
#7 /Users/sahalanwarhadi/project_Sahal/Scholara/backend/vendor/laravel/framework/src/Illuminate/Database/Eloquent/Model.php(1240): Illuminate\\Database\\Eloquent\\Model->performInsert(Object(Illuminate\\Database\\Eloquent\\Builder))
#8 /Users/sahalanwarhadi/project_Sahal/Scholara/backend/vendor/laravel/framework/src/Illuminate/Database/Eloquent/Builder.php(1219): Illuminate\\Database\\Eloquent\\Model->save()
#9 /Users/sahalanwarhadi/project_Sahal/Scholara/backend/vendor/laravel/framework/src/Illuminate/Support/helpers.php(393): Illuminate\\Database\\Eloquent\\Builder->Illuminate\\Database\\Eloquent\\{closure}(Object(App\\Models\\ActivityLog))
#10 /Users/sahalanwarhadi/project_Sahal/Scholara/backend/vendor/laravel/framework/src/Illuminate/Database/Eloquent/Builder.php(1218): tap(Object(App\\Models\\ActivityLog), Object(Closure))
#11 /Users/sahalanwarhadi/project_Sahal/Scholara/backend/vendor/laravel/framework/src/Illuminate/Support/Traits/ForwardsCalls.php(23): Illuminate\\Database\\Eloquent\\Builder->create(Array)
#12 /Users/sahalanwarhadi/project_Sahal/Scholara/backend/vendor/laravel/framework/src/Illuminate/Database/Eloquent/Model.php(2544): Illuminate\\Database\\Eloquent\\Model->forwardCallTo(Object(Illuminate\\Database\\Eloquent\\Builder), 'create', Array)
#13 /Users/sahalanwarhadi/project_Sahal/Scholara/backend/vendor/laravel/framework/src/Illuminate/Database/Eloquent/Model.php(2560): Illuminate\\Database\\Eloquent\\Model->__call('create', Array)
#14 /Users/sahalanwarhadi/project_Sahal/Scholara/backend/app/Observers/KelasObserver.php(35): Illuminate\\Database\\Eloquent\\Model::__callStatic('create', Array)
#15 /Users/sahalanwarhadi/project_Sahal/Scholara/backend/app/Observers/KelasObserver.php(12): App\\Observers\\KelasObserver->log('create', Object(App\\Models\\Kelas), 'Kelas 1A (Tingk...')
#16 /Users/sahalanwarhadi/project_Sahal/Scholara/backend/vendor/laravel/framework/src/Illuminate/Events/Dispatcher.php(512): App\\Observers\\KelasObserver->created(Object(App\\Models\\Kelas))
#17 /Users/sahalanwarhadi/project_Sahal/Scholara/backend/vendor/laravel/framework/src/Illuminate/Events/Dispatcher.php(319): Illuminate\\Events\\Dispatcher->Illuminate\\Events\\{closure}('eloquent.create...', Array)
#18 /Users/sahalanwarhadi/project_Sahal/Scholara/backend/vendor/laravel/framework/src/Illuminate/Events/Dispatcher.php(299): Illuminate\\Events\\Dispatcher->invokeListeners('eloquent.create...', Array, false)
#19 /Users/sahalanwarhadi/project_Sahal/Scholara/backend/vendor/laravel/framework/src/Illuminate/Database/Eloquent/Concerns/HasEvents.php(224): Illuminate\\Events\\Dispatcher->dispatch('eloquent.create...', Object(App\\Models\\Kelas))
#20 /Users/sahalanwarhadi/project_Sahal/Scholara/backend/vendor/laravel/framework/src/Illuminate/Database/Eloquent/Model.php(1422): Illuminate\\Database\\Eloquent\\Model->fireModelEvent('created', false)
#21 /Users/sahalanwarhadi/project_Sahal/Scholara/backend/vendor/laravel/framework/src/Illuminate/Database/Eloquent/Model.php(1240): Illuminate\\Database\\Eloquent\\Model->performInsert(Object(Illuminate\\Database\\Eloquent\\Builder))
#22 /Users/sahalanwarhadi/project_Sahal/Scholara/backend/vendor/laravel/framework/src/Illuminate/Database/Eloquent/Builder.php(1219): Illuminate\\Database\\Eloquent\\Model->save()
#23 /Users/sahalanwarhadi/project_Sahal/Scholara/backend/vendor/laravel/framework/src/Illuminate/Support/helpers.php(393): Illuminate\\Database\\Eloquent\\Builder->Illuminate\\Database\\Eloquent\\{closure}(Object(App\\Models\\Kelas))
#24 /Users/sahalanwarhadi/project_Sahal/Scholara/backend/vendor/laravel/framework/src/Illuminate/Database/Eloquent/Builder.php(1218): tap(Object(App\\Models\\Kelas), Object(Closure))
#25 /Users/sahalanwarhadi/project_Sahal/Scholara/backend/vendor/laravel/framework/src/Illuminate/Support/Traits/ForwardsCalls.php(23): Illuminate\\Database\\Eloquent\\Builder->create(Array)
#26 /Users/sahalanwarhadi/project_Sahal/Scholara/backend/vendor/laravel/framework/src/Illuminate/Database/Eloquent/Model.php(2544): Illuminate\\Database\\Eloquent\\Model->forwardCallTo(Object(Illuminate\\Database\\Eloquent\\Builder), 'create', Array)
#27 /Users/sahalanwarhadi/project_Sahal/Scholara/backend/vendor/laravel/framework/src/Illuminate/Database/Eloquent/Model.php(2560): Illuminate\\Database\\Eloquent\\Model->__call('create', Array)
#28 /Users/sahalanwarhadi/project_Sahal/Scholara/backend/app/Http/Controllers/MasterData/MasterDataKelasController.php(70): Illuminate\\Database\\Eloquent\\Model::__callStatic('create', Array)
#29 /Users/sahalanwarhadi/project_Sahal/Scholara/backend/vendor/laravel/framework/src/Illuminate/Routing/Controller.php(54): App\\Http\\Controllers\\MasterData\\MasterDataKelasController->store(Object(App\\Http\\Requests\\Kelas\\StoreKelasRequest))
#30 /Users/sahalanwarhadi/project_Sahal/Scholara/backend/vendor/laravel/framework/src/Illuminate/Routing/ControllerDispatcher.php(43): Illuminate\\Routing\\Controller->callAction('store', Array)
#31 /Users/sahalanwarhadi/project_Sahal/Scholara/backend/vendor/laravel/framework/src/Illuminate/Routing/Route.php(265): Illuminate\\Routing\\ControllerDispatcher->dispatch(Object(Illuminate\\Routing\\Route), Object(App\\Http\\Controllers\\MasterData\\MasterDataKelasController), 'store')
#32 /Users/sahalanwarhadi/project_Sahal/Scholara/backend/vendor/laravel/framework/src/Illuminate/Routing/Route.php(211): Illuminate\\Routing\\Route->runController()
#33 /Users/sahalanwarhadi/project_Sahal/Scholara/backend/vendor/laravel/framework/src/Illuminate/Routing/Router.php(822): Illuminate\\Routing\\Route->run()
#34 /Users/sahalanwarhadi/project_Sahal/Scholara/backend/vendor/laravel/framework/src/Illuminate/Pipeline/Pipeline.php(180): Illuminate\\Routing\\Router->Illuminate\\Routing\\{closure}(Object(Illuminate\\Http\\Request))
#35 /Users/sahalanwarhadi/project_Sahal/Scholara/backend/app/Http/Middleware/PermissionMiddleware.php(58): Illuminate\\Pipeline\\Pipeline->Illuminate\\Pipeline\\{closure}(Object(Illuminate\\Http\\Request))
#36 /Users/sahalanwarhadi/project_Sahal/Scholara/backend/vendor/laravel/framework/src/Illuminate/Pipeline/Pipeline.php(219): App\\Http\\Middleware\\PermissionMiddleware->handle(Object(Illuminate\\Http\\Request), Object(Closure), 'master_data.kel...')
#37 /Users/sahalanwarhadi/project_Sahal/Scholara/backend/app/Http/Middleware/RoleMiddleware.php(56): Illuminate\\Pipeline\\Pipeline->Illuminate\\Pipeline\\{closure}(Object(Illuminate\\Http\\Request))
#38 /Users/sahalanwarhadi/project_Sahal/Scholara/backend/vendor/laravel/framework/src/Illuminate/Pipeline/Pipeline.php(219): App\\Http\\Middleware\\RoleMiddleware->handle(Object(Illuminate\\Http\\Request), Object(Closure), 'operator', 'kepsek', 'wakasek', 'super_admin')
#39 /Users/sahalanwarhadi/project_Sahal/Scholara/backend/vendor/laravel/framework/src/Illuminate/Routing/Middleware/SubstituteBindings.php(50): Illuminate\\Pipeline\\Pipeline->Illuminate\\Pipeline\\{closure}(Object(Illuminate\\Http\\Request))
#40 /Users/sahalanwarhadi/project_Sahal/Scholara/backend/vendor/laravel/framework/src/Illuminate/Pipeline/Pipeline.php(219): Illuminate\\Routing\\Middleware\\SubstituteBindings->handle(Object(Illuminate\\Http\\Request), Object(Closure))
#41 /Users/sahalanwarhadi/project_Sahal/Scholara/backend/vendor/laravel/framework/src/Illuminate/Auth/Middleware/Authenticate.php(63): Illuminate\\Pipeline\\Pipeline->Illuminate\\Pipeline\\{closure}(Object(Illuminate\\Http\\Request))
#42 /Users/sahalanwarhadi/project_Sahal/Scholara/backend/vendor/laravel/framework/src/Illuminate/Pipeline/Pipeline.php(219): Illuminate\\Auth\\Middleware\\Authenticate->handle(Object(Illuminate\\Http\\Request), Object(Closure), 'sanctum')
#43 /Users/sahalanwarhadi/project_Sahal/Scholara/backend/app/Http/Middleware/TenantMiddleware.php(47): Illuminate\\Pipeline\\Pipeline->Illuminate\\Pipeline\\{closure}(Object(Illuminate\\Http\\Request))
#44 /Users/sahalanwarhadi/project_Sahal/Scholara/backend/vendor/laravel/framework/src/Illuminate/Pipeline/Pipeline.php(219): App\\Http\\Middleware\\TenantMiddleware->handle(Object(Illuminate\\Http\\Request), Object(Closure))
#45 /Users/sahalanwarhadi/project_Sahal/Scholara/backend/app/Http/Middleware/InjectTokenFromCookie.php(30): Illuminate\\Pipeline\\Pipeline->Illuminate\\Pipeline\\{closure}(Object(Illuminate\\Http\\Request))
#46 /Users/sahalanwarhadi/project_Sahal/Scholara/backend/vendor/laravel/framework/src/Illuminate/Pipeline/Pipeline.php(219): App\\Http\\Middleware\\InjectTokenFromCookie->handle(Object(Illuminate\\Http\\Request), Object(Closure))
#47 /Users/sahalanwarhadi/project_Sahal/Scholara/backend/vendor/laravel/framework/src/Illuminate/Http/Middleware/HandleCors.php(74): Illuminate\\Pipeline\\Pipeline->Illuminate\\Pipeline\\{closure}(Object(Illuminate\\Http\\Request))
#48 /Users/sahalanwarhadi/project_Sahal/Scholara/backend/vendor/laravel/framework/src/Illuminate/Pipeline/Pipeline.php(219): Illuminate\\Http\\Middleware\\HandleCors->handle(Object(Illuminate\\Http\\Request), Object(Closure))
#49 /Users/sahalanwarhadi/project_Sahal/Scholara/backend/vendor/laravel/framework/src/Illuminate/Pipeline/Pipeline.php(137): Illuminate\\Pipeline\\Pipeline->Illuminate\\Pipeline\\{closure}(Object(Illuminate\\Http\\Request))
#50 /Users/sahalanwarhadi/project_Sahal/Scholara/backend/vendor/laravel/framework/src/Illuminate/Routing/Router.php(821): Illuminate\\Pipeline\\Pipeline->then(Object(Closure))
#51 /Users/sahalanwarhadi/project_Sahal/Scholara/backend/vendor/laravel/framework/src/Illuminate/Routing/Router.php(800): Illuminate\\Routing\\Router->runRouteWithinStack(Object(Illuminate\\Routing\\Route), Object(Illuminate\\Http\\Request))
#52 /Users/sahalanwarhadi/project_Sahal/Scholara/backend/vendor/laravel/framework/src/Illuminate/Routing/Router.php(764): Illuminate\\Routing\\Router->runRoute(Object(Illuminate\\Http\\Request), Object(Illuminate\\Routing\\Route))
#53 /Users/sahalanwarhadi/project_Sahal/Scholara/backend/vendor/laravel/framework/src/Illuminate/Routing/Router.php(753): Illuminate\\Routing\\Router->dispatchToRoute(Object(Illuminate\\Http\\Request))
#54 /Users/sahalanwarhadi/project_Sahal/Scholara/backend/vendor/laravel/framework/src/Illuminate/Foundation/Http/Kernel.php(200): Illuminate\\Routing\\Router->dispatch(Object(Illuminate\\Http\\Request))
#55 /Users/sahalanwarhadi/project_Sahal/Scholara/backend/vendor/laravel/framework/src/Illuminate/Pipeline/Pipeline.php(180): Illuminate\\Foundation\\Http\\Kernel->Illuminate\\Foundation\\Http\\{closure}(Object(Illuminate\\Http\\Request))
#56 /Users/sahalanwarhadi/project_Sahal/Scholara/backend/vendor/laravel/framework/src/Illuminate/Foundation/Http/Middleware/TransformsRequest.php(21): Illuminate\\Pipeline\\Pipeline->Illuminate\\Pipeline\\{closure}(Object(Illuminate\\Http\\Request))
#57 /Users/sahalanwarhadi/project_Sahal/Scholara/backend/vendor/laravel/framework/src/Illuminate/Foundation/Http/Middleware/ConvertEmptyStringsToNull.php(31): Illuminate\\Foundation\\Http\\Middleware\\TransformsRequest->handle(Object(Illuminate\\Http\\Request), Object(Closure))
#58 /Users/sahalanwarhadi/project_Sahal/Scholara/backend/vendor/laravel/framework/src/Illuminate/Pipeline/Pipeline.php(219): Illuminate\\Foundation\\Http\\Middleware\\ConvertEmptyStringsToNull->handle(Object(Illuminate\\Http\\Request), Object(Closure))
#59 /Users/sahalanwarhadi/project_Sahal/Scholara/backend/vendor/laravel/framework/src/Illuminate/Foundation/Http/Middleware/TransformsRequest.php(21): Illuminate\\Pipeline\\Pipeline->Illuminate\\Pipeline\\{closure}(Object(Illuminate\\Http\\Request))
#60 /Users/sahalanwarhadi/project_Sahal/Scholara/backend/vendor/laravel/framework/src/Illuminate/Foundation/Http/Middleware/TrimStrings.php(51): Illuminate\\Foundation\\Http\\Middleware\\TransformsRequest->handle(Object(Illuminate\\Http\\Request), Object(Closure))
#61 /Users/sahalanwarhadi/project_Sahal/Scholara/backend/vendor/laravel/framework/src/Illuminate/Pipeline/Pipeline.php(219): Illuminate\\Foundation\\Http\\Middleware\\TrimStrings->handle(Object(Illuminate\\Http\\Request), Object(Closure))
#62 /Users/sahalanwarhadi/project_Sahal/Scholara/backend/vendor/laravel/framework/src/Illuminate/Http/Middleware/ValidatePostSize.php(27): Illuminate\\Pipeline\\Pipeline->Illuminate\\Pipeline\\{closure}(Object(Illuminate\\Http\\Request))
#63 /Users/sahalanwarhadi/project_Sahal/Scholara/backend/vendor/laravel/framework/src/Illuminate/Pipeline/Pipeline.php(219): Illuminate\\Http\\Middleware\\ValidatePostSize->handle(Object(Illuminate\\Http\\Request), Object(Closure))
#64 /Users/sahalanwarhadi/project_Sahal/Scholara/backend/vendor/laravel/framework/src/Illuminate/Foundation/Http/Middleware/PreventRequestsDuringMaintenance.php(109): Illuminate\\Pipeline\\Pipeline->Illuminate\\Pipeline\\{closure}(Object(Illuminate\\Http\\Request))
#65 /Users/sahalanwarhadi/project_Sahal/Scholara/backend/vendor/laravel/framework/src/Illuminate/Pipeline/Pipeline.php(219): Illuminate\\Foundation\\Http\\Middleware\\PreventRequestsDuringMaintenance->handle(Object(Illuminate\\Http\\Request), Object(Closure))
#66 /Users/sahalanwarhadi/project_Sahal/Scholara/backend/vendor/laravel/framework/src/Illuminate/Http/Middleware/HandleCors.php(74): Illuminate\\Pipeline\\Pipeline->Illuminate\\Pipeline\\{closure}(Object(Illuminate\\Http\\Request))
#67 /Users/sahalanwarhadi/project_Sahal/Scholara/backend/vendor/laravel/framework/src/Illuminate/Pipeline/Pipeline.php(219): Illuminate\\Http\\Middleware\\HandleCors->handle(Object(Illuminate\\Http\\Request), Object(Closure))
#68 /Users/sahalanwarhadi/project_Sahal/Scholara/backend/vendor/laravel/framework/src/Illuminate/Http/Middleware/TrustProxies.php(58): Illuminate\\Pipeline\\Pipeline->Illuminate\\Pipeline\\{closure}(Object(Illuminate\\Http\\Request))
#69 /Users/sahalanwarhadi/project_Sahal/Scholara/backend/vendor/laravel/framework/src/Illuminate/Pipeline/Pipeline.php(219): Illuminate\\Http\\Middleware\\TrustProxies->handle(Object(Illuminate\\Http\\Request), Object(Closure))
#70 /Users/sahalanwarhadi/project_Sahal/Scholara/backend/vendor/laravel/framework/src/Illuminate/Foundation/Http/Middleware/InvokeDeferredCallbacks.php(22): Illuminate\\Pipeline\\Pipeline->Illuminate\\Pipeline\\{closure}(Object(Illuminate\\Http\\Request))
#71 /Users/sahalanwarhadi/project_Sahal/Scholara/backend/vendor/laravel/framework/src/Illuminate/Pipeline/Pipeline.php(219): Illuminate\\Foundation\\Http\\Middleware\\InvokeDeferredCallbacks->handle(Object(Illuminate\\Http\\Request), Object(Closure))
#72 /Users/sahalanwarhadi/project_Sahal/Scholara/backend/vendor/laravel/framework/src/Illuminate/Http/Middleware/ValidatePathEncoding.php(26): Illuminate\\Pipeline\\Pipeline->Illuminate\\Pipeline\\{closure}(Object(Illuminate\\Http\\Request))
#73 /Users/sahalanwarhadi/project_Sahal/Scholara/backend/vendor/laravel/framework/src/Illuminate/Pipeline/Pipeline.php(219): Illuminate\\Http\\Middleware\\ValidatePathEncoding->handle(Object(Illuminate\\Http\\Request), Object(Closure))
#74 /Users/sahalanwarhadi/project_Sahal/Scholara/backend/vendor/laravel/framework/src/Illuminate/Pipeline/Pipeline.php(137): Illuminate\\Pipeline\\Pipeline->Illuminate\\Pipeline\\{closure}(Object(Illuminate\\Http\\Request))
#75 /Users/sahalanwarhadi/project_Sahal/Scholara/backend/vendor/laravel/framework/src/Illuminate/Foundation/Http/Kernel.php(175): Illuminate\\Pipeline\\Pipeline->then(Object(Closure))
#76 /Users/sahalanwarhadi/project_Sahal/Scholara/backend/vendor/laravel/framework/src/Illuminate/Foundation/Http/Kernel.php(144): Illuminate\\Foundation\\Http\\Kernel->sendRequestThroughRouter(Object(Illuminate\\Http\\Request))
#77 /Users/sahalanwarhadi/project_Sahal/Scholara/backend/vendor/laravel/framework/src/Illuminate/Foundation/Application.php(1220): Illuminate\\Foundation\\Http\\Kernel->handle(Object(Illuminate\\Http\\Request))
#78 /Users/sahalanwarhadi/project_Sahal/Scholara/backend/public/index.php(20): Illuminate\\Foundation\\Application->handleRequest(Object(Illuminate\\Http\\Request))
#79 /Users/sahalanwarhadi/project_Sahal/Scholara/backend/vendor/laravel/framework/src/Illuminate/Foundation/resources/server.php(23): require_once('/Users/sahalanw...')
#80 {main}

[previous exception] [object] (PDOException(code: HY000): SQLSTATE[HY000]: General error: 1364 Field 'school_id' doesn't have a default value at /Users/sahalanwarhadi/project_Sahal/Scholara/backend/vendor/laravel/framework/src/Illuminate/Database/MySqlConnection.php:53)
[stacktrace]
#0 /Users/sahalanwarhadi/project_Sahal/Scholara/backend/vendor/laravel/framework/src/Illuminate/Database/MySqlConnection.php(53): PDOStatement->execute()
#1 /Users/sahalanwarhadi/project_Sahal/Scholara/backend/vendor/laravel/framework/src/Illuminate/Database/Connection.php(827): Illuminate\\Database\\MySqlConnection->Illuminate\\Database\\{closure}('insert into `ac...', Array)
#2 /Users/sahalanwarhadi/project_Sahal/Scholara/backend/vendor/laravel/framework/src/Illuminate/Database/Connection.php(794): Illuminate\\Database\\Connection->runQueryCallback('insert into `ac...', Array, Object(Closure))
#3 /Users/sahalanwarhadi/project_Sahal/Scholara/backend/vendor/laravel/framework/src/Illuminate/Database/MySqlConnection.php(42): Illuminate\\Database\\Connection->run('insert into `ac...', Array, Object(Closure))
#4 /Users/sahalanwarhadi/project_Sahal/Scholara/backend/vendor/laravel/framework/src/Illuminate/Database/Query/Processors/MySqlProcessor.php(35): Illuminate\\Database\\MySqlConnection->insert('insert into `ac...', Array, 'id')
#5 /Users/sahalanwarhadi/project_Sahal/Scholara/backend/vendor/laravel/framework/src/Illuminate/Database/Query/Builder.php(4170): Illuminate\\Database\\Query\\Processors\\MySqlProcessor->processInsertGetId(Object(Illuminate\\Database\\Query\\Builder), 'insert into `ac...', Array, 'id')
#6 /Users/sahalanwarhadi/project_Sahal/Scholara/backend/vendor/laravel/framework/src/Illuminate/Database/Eloquent/Builder.php(2237): Illuminate\\Database\\Query\\Builder->insertGetId(Array, 'id')
#7 /Users/sahalanwarhadi/project_Sahal/Scholara/backend/vendor/laravel/framework/src/Illuminate/Database/Eloquent/Model.php(1436): Illuminate\\Database\\Eloquent\\Builder->__call('insertGetId', Array)
#8 /Users/sahalanwarhadi/project_Sahal/Scholara/backend/vendor/laravel/framework/src/Illuminate/Database/Eloquent/Model.php(1401): Illuminate\\Database\\Eloquent\\Model->insertAndSetId(Object(Illuminate\\Database\\Eloquent\\Builder), Array)
#9 /Users/sahalanwarhadi/project_Sahal/Scholara/backend/vendor/laravel/framework/src/Illuminate/Database/Eloquent/Model.php(1240): Illuminate\\Database\\Eloquent\\Model->performInsert(Object(Illuminate\\Database\\Eloquent\\Builder))
#10 /Users/sahalanwarhadi/project_Sahal/Scholara/backend/vendor/laravel/framework/src/Illuminate/Database/Eloquent/Builder.php(1219): Illuminate\\Database\\Eloquent\\Model->save()
#11 /Users/sahalanwarhadi/project_Sahal/Scholara/backend/vendor/laravel/framework/src/Illuminate/Support/helpers.php(393): Illuminate\\Database\\Eloquent\\Builder->Illuminate\\Database\\Eloquent\\{closure}(Object(App\\Models\\ActivityLog))
#12 /Users/sahalanwarhadi/project_Sahal/Scholara/backend/vendor/laravel/framework/src/Illuminate/Database/Eloquent/Builder.php(1218): tap(Object(App\\Models\\ActivityLog), Object(Closure))
#13 /Users/sahalanwarhadi/project_Sahal/Scholara/backend/vendor/laravel/framework/src/Illuminate/Support/Traits/ForwardsCalls.php(23): Illuminate\\Database\\Eloquent\\Builder->create(Array)
#14 /Users/sahalanwarhadi/project_Sahal/Scholara/backend/vendor/laravel/framework/src/Illuminate/Database/Eloquent/Model.php(2544): Illuminate\\Database\\Eloquent\\Model->forwardCallTo(Object(Illuminate\\Database\\Eloquent\\Builder), 'create', Array)
#15 /Users/sahalanwarhadi/project_Sahal/Scholara/backend/vendor/laravel/framework/src/Illuminate/Database/Eloquent/Model.php(2560): Illuminate\\Database\\Eloquent\\Model->__call('create', Array)
#16 /Users/sahalanwarhadi/project_Sahal/Scholara/backend/app/Observers/KelasObserver.php(35): Illuminate\\Database\\Eloquent\\Model::__callStatic('create', Array)
#17 /Users/sahalanwarhadi/project_Sahal/Scholara/backend/app/Observers/KelasObserver.php(12): App\\Observers\\KelasObserver->log('create', Object(App\\Models\\Kelas), 'Kelas 1A (Tingk...')
#18 /Users/sahalanwarhadi/project_Sahal/Scholara/backend/vendor/laravel/framework/src/Illuminate/Events/Dispatcher.php(512): App\\Observers\\KelasObserver->created(Object(App\\Models\\Kelas))
#19 /Users/sahalanwarhadi/project_Sahal/Scholara/backend/vendor/laravel/framework/src/Illuminate/Events/Dispatcher.php(319): Illuminate\\Events\\Dispatcher->Illuminate\\Events\\{closure}('eloquent.create...', Array)
#20 /Users/sahalanwarhadi/project_Sahal/Scholara/backend/vendor/laravel/framework/src/Illuminate/Events/Dispatcher.php(299): Illuminate\\Events\\Dispatcher->invokeListeners('eloquent.create...', Array, false)
#21 /Users/sahalanwarhadi/project_Sahal/Scholara/backend/vendor/laravel/framework/src/Illuminate/Database/Eloquent/Concerns/HasEvents.php(224): Illuminate\\Events\\Dispatcher->dispatch('eloquent.create...', Object(App\\Models\\Kelas))
#22 /Users/sahalanwarhadi/project_Sahal/Scholara/backend/vendor/laravel/framework/src/Illuminate/Database/Eloquent/Model.php(1422): Illuminate\\Database\\Eloquent\\Model->fireModelEvent('created', false)
#23 /Users/sahalanwarhadi/project_Sahal/Scholara/backend/vendor/laravel/framework/src/Illuminate/Database/Eloquent/Model.php(1240): Illuminate\\Database\\Eloquent\\Model->performInsert(Object(Illuminate\\Database\\Eloquent\\Builder))
#24 /Users/sahalanwarhadi/project_Sahal/Scholara/backend/vendor/laravel/framework/src/Illuminate/Database/Eloquent/Builder.php(1219): Illuminate\\Database\\Eloquent\\Model->save()
#25 /Users/sahalanwarhadi/project_Sahal/Scholara/backend/vendor/laravel/framework/src/Illuminate/Support/helpers.php(393): Illuminate\\Database\\Eloquent\\Builder->Illuminate\\Database\\Eloquent\\{closure}(Object(App\\Models\\Kelas))
#26 /Users/sahalanwarhadi/project_Sahal/Scholara/backend/vendor/laravel/framework/src/Illuminate/Database/Eloquent/Builder.php(1218): tap(Object(App\\Models\\Kelas), Object(Closure))
#27 /Users/sahalanwarhadi/project_Sahal/Scholara/backend/vendor/laravel/framework/src/Illuminate/Support/Traits/ForwardsCalls.php(23): Illuminate\\Database\\Eloquent\\Builder->create(Array)
#28 /Users/sahalanwarhadi/project_Sahal/Scholara/backend/vendor/laravel/framework/src/Illuminate/Database/Eloquent/Model.php(2544): Illuminate\\Database\\Eloquent\\Model->forwardCallTo(Object(Illuminate\\Database\\Eloquent\\Builder), 'create', Array)
#29 /Users/sahalanwarhadi/project_Sahal/Scholara/backend/vendor/laravel/framework/src/Illuminate/Database/Eloquent/Model.php(2560): Illuminate\\Database\\Eloquent\\Model->__call('create', Array)
#30 /Users/sahalanwarhadi/project_Sahal/Scholara/backend/app/Http/Controllers/MasterData/MasterDataKelasController.php(70): Illuminate\\Database\\Eloquent\\Model::__callStatic('create', Array)
#31 /Users/sahalanwarhadi/project_Sahal/Scholara/backend/vendor/laravel/framework/src/Illuminate/Routing/Controller.php(54): App\\Http\\Controllers\\MasterData\\MasterDataKelasController->store(Object(App\\Http\\Requests\\Kelas\\StoreKelasRequest))
#32 /Users/sahalanwarhadi/project_Sahal/Scholara/backend/vendor/laravel/framework/src/Illuminate/Routing/ControllerDispatcher.php(43): Illuminate\\Routing\\Controller->callAction('store', Array)
#33 /Users/sahalanwarhadi/project_Sahal/Scholara/backend/vendor/laravel/framework/src/Illuminate/Routing/Route.php(265): Illuminate\\Routing\\ControllerDispatcher->dispatch(Object(Illuminate\\Routing\\Route), Object(App\\Http\\Controllers\\MasterData\\MasterDataKelasController), 'store')
#34 /Users/sahalanwarhadi/project_Sahal/Scholara/backend/vendor/laravel/framework/src/Illuminate/Routing/Route.php(211): Illuminate\\Routing\\Route->runController()
#35 /Users/sahalanwarhadi/project_Sahal/Scholara/backend/vendor/laravel/framework/src/Illuminate/Routing/Router.php(822): Illuminate\\Routing\\Route->run()
#36 /Users/sahalanwarhadi/project_Sahal/Scholara/backend/vendor/laravel/framework/src/Illuminate/Pipeline/Pipeline.php(180): Illuminate\\Routing\\Router->Illuminate\\Routing\\{closure}(Object(Illuminate\\Http\\Request))
#37 /Users/sahalanwarhadi/project_Sahal/Scholara/backend/app/Http/Middleware/PermissionMiddleware.php(58): Illuminate\\Pipeline\\Pipeline->Illuminate\\Pipeline\\{closure}(Object(Illuminate\\Http\\Request))
#38 /Users/sahalanwarhadi/project_Sahal/Scholara/backend/vendor/laravel/framework/src/Illuminate/Pipeline/Pipeline.php(219): App\\Http\\Middleware\\PermissionMiddleware->handle(Object(Illuminate\\Http\\Request), Object(Closure), 'master_data.kel...')
#39 /Users/sahalanwarhadi/project_Sahal/Scholara/backend/app/Http/Middleware/RoleMiddleware.php(56): Illuminate\\Pipeline\\Pipeline->Illuminate\\Pipeline\\{closure}(Object(Illuminate\\Http\\Request))
#40 /Users/sahalanwarhadi/project_Sahal/Scholara/backend/vendor/laravel/framework/src/Illuminate/Pipeline/Pipeline.php(219): App\\Http\\Middleware\\RoleMiddleware->handle(Object(Illuminate\\Http\\Request), Object(Closure), 'operator', 'kepsek', 'wakasek', 'super_admin')
#41 /Users/sahalanwarhadi/project_Sahal/Scholara/backend/vendor/laravel/framework/src/Illuminate/Routing/Middleware/SubstituteBindings.php(50): Illuminate\\Pipeline\\Pipeline->Illuminate\\Pipeline\\{closure}(Object(Illuminate\\Http\\Request))
#42 /Users/sahalanwarhadi/project_Sahal/Scholara/backend/vendor/laravel/framework/src/Illuminate/Pipeline/Pipeline.php(219): Illuminate\\Routing\\Middleware\\SubstituteBindings->handle(Object(Illuminate\\Http\\Request), Object(Closure))
#43 /Users/sahalanwarhadi/project_Sahal/Scholara/backend/vendor/laravel/framework/src/Illuminate/Auth/Middleware/Authenticate.php(63): Illuminate\\Pipeline\\Pipeline->Illuminate\\Pipeline\\{closure}(Object(Illuminate\\Http\\Request))
#44 /Users/sahalanwarhadi/project_Sahal/Scholara/backend/vendor/laravel/framework/src/Illuminate/Pipeline/Pipeline.php(219): Illuminate\\Auth\\Middleware\\Authenticate->handle(Object(Illuminate\\Http\\Request), Object(Closure), 'sanctum')
#45 /Users/sahalanwarhadi/project_Sahal/Scholara/backend/app/Http/Middleware/TenantMiddleware.php(47): Illuminate\\Pipeline\\Pipeline->Illuminate\\Pipeline\\{closure}(Object(Illuminate\\Http\\Request))
#46 /Users/sahalanwarhadi/project_Sahal/Scholara/backend/vendor/laravel/framework/src/Illuminate/Pipeline/Pipeline.php(219): App\\Http\\Middleware\\TenantMiddleware->handle(Object(Illuminate\\Http\\Request), Object(Closure))
#47 /Users/sahalanwarhadi/project_Sahal/Scholara/backend/app/Http/Middleware/InjectTokenFromCookie.php(30): Illuminate\\Pipeline\\Pipeline->Illuminate\\Pipeline\\{closure}(Object(Illuminate\\Http\\Request))
#48 /Users/sahalanwarhadi/project_Sahal/Scholara/backend/vendor/laravel/framework/src/Illuminate/Pipeline/Pipeline.php(219): App\\Http\\Middleware\\InjectTokenFromCookie->handle(Object(Illuminate\\Http\\Request), Object(Closure))
#49 /Users/sahalanwarhadi/project_Sahal/Scholara/backend/vendor/laravel/framework/src/Illuminate/Http/Middleware/HandleCors.php(74): Illuminate\\Pipeline\\Pipeline->Illuminate\\Pipeline\\{closure}(Object(Illuminate\\Http\\Request))
#50 /Users/sahalanwarhadi/project_Sahal/Scholara/backend/vendor/laravel/framework/src/Illuminate/Pipeline/Pipeline.php(219): Illuminate\\Http\\Middleware\\HandleCors->handle(Object(Illuminate\\Http\\Request), Object(Closure))
#51 /Users/sahalanwarhadi/project_Sahal/Scholara/backend/vendor/laravel/framework/src/Illuminate/Pipeline/Pipeline.php(137): Illuminate\\Pipeline\\Pipeline->Illuminate\\Pipeline\\{closure}(Object(Illuminate\\Http\\Request))
#52 /Users/sahalanwarhadi/project_Sahal/Scholara/backend/vendor/laravel/framework/src/Illuminate/Routing/Router.php(821): Illuminate\\Pipeline\\Pipeline->then(Object(Closure))
#53 /Users/sahalanwarhadi/project_Sahal/Scholara/backend/vendor/laravel/framework/src/Illuminate/Routing/Router.php(800): Illuminate\\Routing\\Router->runRouteWithinStack(Object(Illuminate\\Routing\\Route), Object(Illuminate\\Http\\Request))
#54 /Users/sahalanwarhadi/project_Sahal/Scholara/backend/vendor/laravel/framework/src/Illuminate/Routing/Router.php(764): Illuminate\\Routing\\Router->runRoute(Object(Illuminate\\Http\\Request), Object(Illuminate\\Routing\\Route))
#55 /Users/sahalanwarhadi/project_Sahal/Scholara/backend/vendor/laravel/framework/src/Illuminate/Routing/Router.php(753): Illuminate\\Routing\\Router->dispatchToRoute(Object(Illuminate\\Http\\Request))
#56 /Users/sahalanwarhadi/project_Sahal/Scholara/backend/vendor/laravel/framework/src/Illuminate/Foundation/Http/Kernel.php(200): Illuminate\\Routing\\Router->dispatch(Object(Illuminate\\Http\\Request))
#57 /Users/sahalanwarhadi/project_Sahal/Scholara/backend/vendor/laravel/framework/src/Illuminate/Pipeline/Pipeline.php(180): Illuminate\\Foundation\\Http\\Kernel->Illuminate\\Foundation\\Http\\{closure}(Object(Illuminate\\Http\\Request))
#58 /Users/sahalanwarhadi/project_Sahal/Scholara/backend/vendor/laravel/framework/src/Illuminate/Foundation/Http/Middleware/TransformsRequest.php(21): Illuminate\\Pipeline\\Pipeline->Illuminate\\Pipeline\\{closure}(Object(Illuminate\\Http\\Request))
#59 /Users/sahalanwarhadi/project_Sahal/Scholara/backend/vendor/laravel/framework/src/Illuminate/Foundation/Http/Middleware/ConvertEmptyStringsToNull.php(31): Illuminate\\Foundation\\Http\\Middleware\\TransformsRequest->handle(Object(Illuminate\\Http\\Request), Object(Closure))
#60 /Users/sahalanwarhadi/project_Sahal/Scholara/backend/vendor/laravel/framework/src/Illuminate/Pipeline/Pipeline.php(219): Illuminate\\Foundation\\Http\\Middleware\\ConvertEmptyStringsToNull->handle(Object(Illuminate\\Http\\Request), Object(Closure))
#61 /Users/sahalanwarhadi/project_Sahal/Scholara/backend/vendor/laravel/framework/src/Illuminate/Foundation/Http/Middleware/TransformsRequest.php(21): Illuminate\\Pipeline\\Pipeline->Illuminate\\Pipeline\\{closure}(Object(Illuminate\\Http\\Request))
#62 /Users/sahalanwarhadi/project_Sahal/Scholara/backend/vendor/laravel/framework/src/Illuminate/Foundation/Http/Middleware/TrimStrings.php(51): Illuminate\\Foundation\\Http\\Middleware\\TransformsRequest->handle(Object(Illuminate\\Http\\Request), Object(Closure))
#63 /Users/sahalanwarhadi/project_Sahal/Scholara/backend/vendor/laravel/framework/src/Illuminate/Pipeline/Pipeline.php(219): Illuminate\\Foundation\\Http\\Middleware\\TrimStrings->handle(Object(Illuminate\\Http\\Request), Object(Closure))
#64 /Users/sahalanwarhadi/project_Sahal/Scholara/backend/vendor/laravel/framework/src/Illuminate/Http/Middleware/ValidatePostSize.php(27): Illuminate\\Pipeline\\Pipeline->Illuminate\\Pipeline\\{closure}(Object(Illuminate\\Http\\Request))
#65 /Users/sahalanwarhadi/project_Sahal/Scholara/backend/vendor/laravel/framework/src/Illuminate/Pipeline/Pipeline.php(219): Illuminate\\Http\\Middleware\\ValidatePostSize->handle(Object(Illuminate\\Http\\Request), Object(Closure))
#66 /Users/sahalanwarhadi/project_Sahal/Scholara/backend/vendor/laravel/framework/src/Illuminate/Foundation/Http/Middleware/PreventRequestsDuringMaintenance.php(109): Illuminate\\Pipeline\\Pipeline->Illuminate\\Pipeline\\{closure}(Object(Illuminate\\Http\\Request))
#67 /Users/sahalanwarhadi/project_Sahal/Scholara/backend/vendor/laravel/framework/src/Illuminate/Pipeline/Pipeline.php(219): Illuminate\\Foundation\\Http\\Middleware\\PreventRequestsDuringMaintenance->handle(Object(Illuminate\\Http\\Request), Object(Closure))
#68 /Users/sahalanwarhadi/project_Sahal/Scholara/backend/vendor/laravel/framework/src/Illuminate/Http/Middleware/HandleCors.php(74): Illuminate\\Pipeline\\Pipeline->Illuminate\\Pipeline\\{closure}(Object(Illuminate\\Http\\Request))
#69 /Users/sahalanwarhadi/project_Sahal/Scholara/backend/vendor/laravel/framework/src/Illuminate/Pipeline/Pipeline.php(219): Illuminate\\Http\\Middleware\\HandleCors->handle(Object(Illuminate\\Http\\Request), Object(Closure))
#70 /Users/sahalanwarhadi/project_Sahal/Scholara/backend/vendor/laravel/framework/src/Illuminate/Http/Middleware/TrustProxies.php(58): Illuminate\\Pipeline\\Pipeline->Illuminate\\Pipeline\\{closure}(Object(Illuminate\\Http\\Request))
#71 /Users/sahalanwarhadi/project_Sahal/Scholara/backend/vendor/laravel/framework/src/Illuminate/Pipeline/Pipeline.php(219): Illuminate\\Http\\Middleware\\TrustProxies->handle(Object(Illuminate\\Http\\Request), Object(Closure))
#72 /Users/sahalanwarhadi/project_Sahal/Scholara/backend/vendor/laravel/framework/src/Illuminate/Foundation/Http/Middleware/InvokeDeferredCallbacks.php(22): Illuminate\\Pipeline\\Pipeline->Illuminate\\Pipeline\\{closure}(Object(Illuminate\\Http\\Request))
#73 /Users/sahalanwarhadi/project_Sahal/Scholara/backend/vendor/laravel/framework/src/Illuminate/Pipeline/Pipeline.php(219): Illuminate\\Foundation\\Http\\Middleware\\InvokeDeferredCallbacks->handle(Object(Illuminate\\Http\\Request), Object(Closure))
#74 /Users/sahalanwarhadi/project_Sahal/Scholara/backend/vendor/laravel/framework/src/Illuminate/Http/Middleware/ValidatePathEncoding.php(26): Illuminate\\Pipeline\\Pipeline->Illuminate\\Pipeline\\{closure}(Object(Illuminate\\Http\\Request))
#75 /Users/sahalanwarhadi/project_Sahal/Scholara/backend/vendor/laravel/framework/src/Illuminate/Pipeline/Pipeline.php(219): Illuminate\\Http\\Middleware\\ValidatePathEncoding->handle(Object(Illuminate\\Http\\Request), Object(Closure))
#76 /Users/sahalanwarhadi/project_Sahal/Scholara/backend/vendor/laravel/framework/src/Illuminate/Pipeline/Pipeline.php(137): Illuminate\\Pipeline\\Pipeline->Illuminate\\Pipeline\\{closure}(Object(Illuminate\\Http\\Request))
#77 /Users/sahalanwarhadi/project_Sahal/Scholara/backend/vendor/laravel/framework/src/Illuminate/Foundation/Http/Kernel.php(175): Illuminate\\Pipeline\\Pipeline->then(Object(Closure))
#78 /Users/sahalanwarhadi/project_Sahal/Scholara/backend/vendor/laravel/framework/src/Illuminate/Foundation/Http/Kernel.php(144): Illuminate\\Foundation\\Http\\Kernel->sendRequestThroughRouter(Object(Illuminate\\Http\\Request))
#79 /Users/sahalanwarhadi/project_Sahal/Scholara/backend/vendor/laravel/framework/src/Illuminate/Foundation/Application.php(1220): Illuminate\\Foundation\\Http\\Kernel->handle(Object(Illuminate\\Http\\Request))
#80 /Users/sahalanwarhadi/project_Sahal/Scholara/backend/public/index.php(20): Illuminate\\Foundation\\Application->handleRequest(Object(Illuminate\\Http\\Request))
#81 /Users/sahalanwarhadi/project_Sahal/Scholara/backend/vendor/laravel/framework/src/Illuminate/Foundation/resources/server.php(23): require_once('/Users/sahalanw...')
#82 {main}
"} 
[2026-10-04 20:49:07] local.ERROR: SQLSTATE[23000]: Integrity constraint violation: 1062 Duplicate entry '15-1A' for key 'kelas.uq_kelas_ta_nama' (Connection: mysql, Host: 127.0.0.1, Port: 3306, Database: db_minurulhuda3, SQL: insert into `kelas` (`tahun_ajaran_id`, `semester_id`, `nama_kelas`, `tingkat`, `program_pendidikan_id`, `kurikulum`, `kurikulum_id`, `wali_kelas_id`, `kapasitas`, `ruangan`, `is_active`, `school_id`, `updated_at`, `created_at`) values (15, 26, 1A, 1, ?, K13, 1, ?, 30, R1, 1, 11, 2026-10-04 20:49:07, 2026-10-04 20:49:07)) {"userId":3,"exception":"[object] (Illuminate\\Database\\UniqueConstraintViolationException(code: 23000): SQLSTATE[23000]: Integrity constraint violation: 1062 Duplicate entry '15-1A' for key 'kelas.uq_kelas_ta_nama' (Connection: mysql, Host: 127.0.0.1, Port: 3306, Database: db_minurulhuda3, SQL: insert into `kelas` (`tahun_ajaran_id`, `semester_id`, `nama_kelas`, `tingkat`, `program_pendidikan_id`, `kurikulum`, `kurikulum_id`, `wali_kelas_id`, `kapasitas`, `ruangan`, `is_active`, `school_id`, `updated_at`, `created_at`) values (15, 26, 1A, 1, ?, K13, 1, ?, 30, R1, 1, 11, 2026-10-04 20:49:07, 2026-10-04 20:49:07)) at /Users/sahalanwarhadi/project_Sahal/Scholara/backend/vendor/laravel/framework/src/Illuminate/Database/Connection.php:838)
[stacktrace]
#0 /Users/sahalanwarhadi/project_Sahal/Scholara/backend/vendor/laravel/framework/src/Illuminate/Database/Connection.php(794): Illuminate\\Database\\Connection->runQueryCallback('insert into `ke...', Array, Object(Closure))
#1 /Users/sahalanwarhadi/project_Sahal/Scholara/backend/vendor/laravel/framework/src/Illuminate/Database/MySqlConnection.php(42): Illuminate\\Database\\Connection->run('insert into `ke...', Array, Object(Closure))
#2 /Users/sahalanwarhadi/project_Sahal/Scholara/backend/vendor/laravel/framework/src/Illuminate/Database/Query/Processors/MySqlProcessor.php(35): Illuminate\\Database\\MySqlConnection->insert('insert into `ke...', Array, 'id')
#3 /Users/sahalanwarhadi/project_Sahal/Scholara/backend/vendor/laravel/framework/src/Illuminate/Database/Query/Builder.php(4170): Illuminate\\Database\\Query\\Processors\\MySqlProcessor->processInsertGetId(Object(Illuminate\\Database\\Query\\Builder), 'insert into `ke...', Array, 'id')
#4 /Users/sahalanwarhadi/project_Sahal/Scholara/backend/vendor/laravel/framework/src/Illuminate/Database/Eloquent/Builder.php(2237): Illuminate\\Database\\Query\\Builder->insertGetId(Array, 'id')
#5 /Users/sahalanwarhadi/project_Sahal/Scholara/backend/vendor/laravel/framework/src/Illuminate/Database/Eloquent/Model.php(1436): Illuminate\\Database\\Eloquent\\Builder->__call('insertGetId', Array)
#6 /Users/sahalanwarhadi/project_Sahal/Scholara/backend/vendor/laravel/framework/src/Illuminate/Database/Eloquent/Model.php(1401): Illuminate\\Database\\Eloquent\\Model->insertAndSetId(Object(Illuminate\\Database\\Eloquent\\Builder), Array)
#7 /Users/sahalanwarhadi/project_Sahal/Scholara/backend/vendor/laravel/framework/src/Illuminate/Database/Eloquent/Model.php(1240): Illuminate\\Database\\Eloquent\\Model->performInsert(Object(Illuminate\\Database\\Eloquent\\Builder))
#8 /Users/sahalanwarhadi/project_Sahal/Scholara/backend/vendor/laravel/framework/src/Illuminate/Database/Eloquent/Builder.php(1219): Illuminate\\Database\\Eloquent\\Model->save()
#9 /Users/sahalanwarhadi/project_Sahal/Scholara/backend/vendor/laravel/framework/src/Illuminate/Support/helpers.php(393): Illuminate\\Database\\Eloquent\\Builder->Illuminate\\Database\\Eloquent\\{closure}(Object(App\\Models\\Kelas))
#10 /Users/sahalanwarhadi/project_Sahal/Scholara/backend/vendor/laravel/framework/src/Illuminate/Database/Eloquent/Builder.php(1218): tap(Object(App\\Models\\Kelas), Object(Closure))
#11 /Users/sahalanwarhadi/project_Sahal/Scholara/backend/vendor/laravel/framework/src/Illuminate/Support/Traits/ForwardsCalls.php(23): Illuminate\\Database\\Eloquent\\Builder->create(Array)
#12 /Users/sahalanwarhadi/project_Sahal/Scholara/backend/vendor/laravel/framework/src/Illuminate/Database/Eloquent/Model.php(2544): Illuminate\\Database\\Eloquent\\Model->forwardCallTo(Object(Illuminate\\Database\\Eloquent\\Builder), 'create', Array)
#13 /Users/sahalanwarhadi/project_Sahal/Scholara/backend/vendor/laravel/framework/src/Illuminate/Database/Eloquent/Model.php(2560): Illuminate\\Database\\Eloquent\\Model->__call('create', Array)
#14 /Users/sahalanwarhadi/project_Sahal/Scholara/backend/app/Http/Controllers/MasterData/MasterDataKelasController.php(70): Illuminate\\Database\\Eloquent\\Model::__callStatic('create', Array)
#15 /Users/sahalanwarhadi/project_Sahal/Scholara/backend/vendor/laravel/framework/src/Illuminate/Routing/Controller.php(54): App\\Http\\Controllers\\MasterData\\MasterDataKelasController->store(Object(App\\Http\\Requests\\Kelas\\StoreKelasRequest))
#16 /Users/sahalanwarhadi/project_Sahal/Scholara/backend/vendor/laravel/framework/src/Illuminate/Routing/ControllerDispatcher.php(43): Illuminate\\Routing\\Controller->callAction('store', Array)
#17 /Users/sahalanwarhadi/project_Sahal/Scholara/backend/vendor/laravel/framework/src/Illuminate/Routing/Route.php(265): Illuminate\\Routing\\ControllerDispatcher->dispatch(Object(Illuminate\\Routing\\Route), Object(App\\Http\\Controllers\\MasterData\\MasterDataKelasController), 'store')
#18 /Users/sahalanwarhadi/project_Sahal/Scholara/backend/vendor/laravel/framework/src/Illuminate/Routing/Route.php(211): Illuminate\\Routing\\Route->runController()
#19 /Users/sahalanwarhadi/project_Sahal/Scholara/backend/vendor/laravel/framework/src/Illuminate/Routing/Router.php(822): Illuminate\\Routing\\Route->run()
#20 /Users/sahalanwarhadi/project_Sahal/Scholara/backend/vendor/laravel/framework/src/Illuminate/Pipeline/Pipeline.php(180): Illuminate\\Routing\\Router->Illuminate\\Routing\\{closure}(Object(Illuminate\\Http\\Request))
#21 /Users/sahalanwarhadi/project_Sahal/Scholara/backend/app/Http/Middleware/PermissionMiddleware.php(58): Illuminate\\Pipeline\\Pipeline->Illuminate\\Pipeline\\{closure}(Object(Illuminate\\Http\\Request))
#22 /Users/sahalanwarhadi/project_Sahal/Scholara/backend/vendor/laravel/framework/src/Illuminate/Pipeline/Pipeline.php(219): App\\Http\\Middleware\\PermissionMiddleware->handle(Object(Illuminate\\Http\\Request), Object(Closure), 'master_data.kel...')
#23 /Users/sahalanwarhadi/project_Sahal/Scholara/backend/app/Http/Middleware/RoleMiddleware.php(56): Illuminate\\Pipeline\\Pipeline->Illuminate\\Pipeline\\{closure}(Object(Illuminate\\Http\\Request))
#24 /Users/sahalanwarhadi/project_Sahal/Scholara/backend/vendor/laravel/framework/src/Illuminate/Pipeline/Pipeline.php(219): App\\Http\\Middleware\\RoleMiddleware->handle(Object(Illuminate\\Http\\Request), Object(Closure), 'operator', 'kepsek', 'wakasek', 'super_admin')
#25 /Users/sahalanwarhadi/project_Sahal/Scholara/backend/vendor/laravel/framework/src/Illuminate/Routing/Middleware/SubstituteBindings.php(50): Illuminate\\Pipeline\\Pipeline->Illuminate\\Pipeline\\{closure}(Object(Illuminate\\Http\\Request))
#26 /Users/sahalanwarhadi/project_Sahal/Scholara/backend/vendor/laravel/framework/src/Illuminate/Pipeline/Pipeline.php(219): Illuminate\\Routing\\Middleware\\SubstituteBindings->handle(Object(Illuminate\\Http\\Request), Object(Closure))
#27 /Users/sahalanwarhadi/project_Sahal/Scholara/backend/vendor/laravel/framework/src/Illuminate/Auth/Middleware/Authenticate.php(63): Illuminate\\Pipeline\\Pipeline->Illuminate\\Pipeline\\{closure}(Object(Illuminate\\Http\\Request))
#28 /Users/sahalanwarhadi/project_Sahal/Scholara/backend/vendor/laravel/framework/src/Illuminate/Pipeline/Pipeline.php(219): Illuminate\\Auth\\Middleware\\Authenticate->handle(Object(Illuminate\\Http\\Request), Object(Closure), 'sanctum')
#29 /Users/sahalanwarhadi/project_Sahal/Scholara/backend/app/Http/Middleware/TenantMiddleware.php(47): Illuminate\\Pipeline\\Pipeline->Illuminate\\Pipeline\\{closure}(Object(Illuminate\\Http\\Request))
#30 /Users/sahalanwarhadi/project_Sahal/Scholara/backend/vendor/laravel/framework/src/Illuminate/Pipeline/Pipeline.php(219): App\\Http\\Middleware\\TenantMiddleware->handle(Object(Illuminate\\Http\\Request), Object(Closure))
#31 /Users/sahalanwarhadi/project_Sahal/Scholara/backend/app/Http/Middleware/InjectTokenFromCookie.php(30): Illuminate\\Pipeline\\Pipeline->Illuminate\\Pipeline\\{closure}(Object(Illuminate\\Http\\Request))
#32 /Users/sahalanwarhadi/project_Sahal/Scholara/backend/vendor/laravel/framework/src/Illuminate/Pipeline/Pipeline.php(219): App\\Http\\Middleware\\InjectTokenFromCookie->handle(Object(Illuminate\\Http\\Request), Object(Closure))
#33 /Users/sahalanwarhadi/project_Sahal/Scholara/backend/vendor/laravel/framework/src/Illuminate/Http/Middleware/HandleCors.php(74): Illuminate\\Pipeline\\Pipeline->Illuminate\\Pipeline\\{closure}(Object(Illuminate\\Http\\Request))
#34 /Users/sahalanwarhadi/project_Sahal/Scholara/backend/vendor/laravel/framework/src/Illuminate/Pipeline/Pipeline.php(219): Illuminate\\Http\\Middleware\\HandleCors->handle(Object(Illuminate\\Http\\Request), Object(Closure))
#35 /Users/sahalanwarhadi/project_Sahal/Scholara/backend/vendor/laravel/framework/src/Illuminate/Pipeline/Pipeline.php(137): Illuminate\\Pipeline\\Pipeline->Illuminate\\Pipeline\\{closure}(Object(Illuminate\\Http\\Request))
#36 /Users/sahalanwarhadi/project_Sahal/Scholara/backend/vendor/laravel/framework/src/Illuminate/Routing/Router.php(821): Illuminate\\Pipeline\\Pipeline->then(Object(Closure))
#37 /Users/sahalanwarhadi/project_Sahal/Scholara/backend/vendor/laravel/framework/src/Illuminate/Routing/Router.php(800): Illuminate\\Routing\\Router->runRouteWithinStack(Object(Illuminate\\Routing\\Route), Object(Illuminate\\Http\\Request))
#38 /Users/sahalanwarhadi/project_Sahal/Scholara/backend/vendor/laravel/framework/src/Illuminate/Routing/Router.php(764): Illuminate\\Routing\\Router->runRoute(Object(Illuminate\\Http\\Request), Object(Illuminate\\Routing\\Route))
#39 /Users/sahalanwarhadi/project_Sahal/Scholara/backend/vendor/laravel/framework/src/Illuminate/Routing/Router.php(753): Illuminate\\Routing\\Router->dispatchToRoute(Object(Illuminate\\Http\\Request))
#40 /Users/sahalanwarhadi/project_Sahal/Scholara/backend/vendor/laravel/framework/src/Illuminate/Foundation/Http/Kernel.php(200): Illuminate\\Routing\\Router->dispatch(Object(Illuminate\\Http\\Request))
#41 /Users/sahalanwarhadi/project_Sahal/Scholara/backend/vendor/laravel/framework/src/Illuminate/Pipeline/Pipeline.php(180): Illuminate\\Foundation\\Http\\Kernel->Illuminate\\Foundation\\Http\\{closure}(Object(Illuminate\\Http\\Request))
#42 /Users/sahalanwarhadi/project_Sahal/Scholara/backend/vendor/laravel/framework/src/Illuminate/Foundation/Http/Middleware/TransformsRequest.php(21): Illuminate\\Pipeline\\Pipeline->Illuminate\\Pipeline\\{closure}(Object(Illuminate\\Http\\Request))
#43 /Users/sahalanwarhadi/project_Sahal/Scholara/backend/vendor/laravel/framework/src/Illuminate/Foundation/Http/Middleware/ConvertEmptyStringsToNull.php(31): Illuminate\\Foundation\\Http\\Middleware\\TransformsRequest->handle(Object(Illuminate\\Http\\Request), Object(Closure))
#44 /Users/sahalanwarhadi/project_Sahal/Scholara/backend/vendor/laravel/framework/src/Illuminate/Pipeline/Pipeline.php(219): Illuminate\\Foundation\\Http\\Middleware\\ConvertEmptyStringsToNull->handle(Object(Illuminate\\Http\\Request), Object(Closure))
#45 /Users/sahalanwarhadi/project_Sahal/Scholara/backend/vendor/laravel/framework/src/Illuminate/Foundation/Http/Middleware/TransformsRequest.php(21): Illuminate\\Pipeline\\Pipeline->Illuminate\\Pipeline\\{closure}(Object(Illuminate\\Http\\Request))
#46 /Users/sahalanwarhadi/project_Sahal/Scholara/backend/vendor/laravel/framework/src/Illuminate/Foundation/Http/Middleware/TrimStrings.php(51): Illuminate\\Foundation\\Http\\Middleware\\TransformsRequest->handle(Object(Illuminate\\Http\\Request), Object(Closure))
#47 /Users/sahalanwarhadi/project_Sahal/Scholara/backend/vendor/laravel/framework/src/Illuminate/Pipeline/Pipeline.php(219): Illuminate\\Foundation\\Http\\Middleware\\TrimStrings->handle(Object(Illuminate\\Http\\Request), Object(Closure))
#48 /Users/sahalanwarhadi/project_Sahal/Scholara/backend/vendor/laravel/framework/src/Illuminate/Http/Middleware/ValidatePostSize.php(27): Illuminate\\Pipeline\\Pipeline->Illuminate\\Pipeline\\{closure}(Object(Illuminate\\Http\\Request))
#49 /Users/sahalanwarhadi/project_Sahal/Scholara/backend/vendor/laravel/framework/src/Illuminate/Pipeline/Pipeline.php(219): Illuminate\\Http\\Middleware\\ValidatePostSize->handle(Object(Illuminate\\Http\\Request), Object(Closure))
#50 /Users/sahalanwarhadi/project_Sahal/Scholara/backend/vendor/laravel/framework/src/Illuminate/Foundation/Http/Middleware/PreventRequestsDuringMaintenance.php(109): Illuminate\\Pipeline\\Pipeline->Illuminate\\Pipeline\\{closure}(Object(Illuminate\\Http\\Request))
#51 /Users/sahalanwarhadi/project_Sahal/Scholara/backend/vendor/laravel/framework/src/Illuminate/Pipeline/Pipeline.php(219): Illuminate\\Foundation\\Http\\Middleware\\PreventRequestsDuringMaintenance->handle(Object(Illuminate\\Http\\Request), Object(Closure))
#52 /Users/sahalanwarhadi/project_Sahal/Scholara/backend/vendor/laravel/framework/src/Illuminate/Http/Middleware/HandleCors.php(74): Illuminate\\Pipeline\\Pipeline->Illuminate\\Pipeline\\{closure}(Object(Illuminate\\Http\\Request))
#53 /Users/sahalanwarhadi/project_Sahal/Scholara/backend/vendor/laravel/framework/src/Illuminate/Pipeline/Pipeline.php(219): Illuminate\\Http\\Middleware\\HandleCors->handle(Object(Illuminate\\Http\\Request), Object(Closure))
#54 /Users/sahalanwarhadi/project_Sahal/Scholara/backend/vendor/laravel/framework/src/Illuminate/Http/Middleware/TrustProxies.php(58): Illuminate\\Pipeline\\Pipeline->Illuminate\\Pipeline\\{closure}(Object(Illuminate\\Http\\Request))
#55 /Users/sahalanwarhadi/project_Sahal/Scholara/backend/vendor/laravel/framework/src/Illuminate/Pipeline/Pipeline.php(219): Illuminate\\Http\\Middleware\\TrustProxies->handle(Object(Illuminate\\Http\\Request), Object(Closure))
#56 /Users/sahalanwarhadi/project_Sahal/Scholara/backend/vendor/laravel/framework/src/Illuminate/Foundation/Http/Middleware/InvokeDeferredCallbacks.php(22): Illuminate\\Pipeline\\Pipeline->Illuminate\\Pipeline\\{closure}(Object(Illuminate\\Http\\Request))
#57 /Users/sahalanwarhadi/project_Sahal/Scholara/backend/vendor/laravel/framework/src/Illuminate/Pipeline/Pipeline.php(219): Illuminate\\Foundation\\Http\\Middleware\\InvokeDeferredCallbacks->handle(Object(Illuminate\\Http\\Request), Object(Closure))
#58 /Users/sahalanwarhadi/project_Sahal/Scholara/backend/vendor/laravel/framework/src/Illuminate/Http/Middleware/ValidatePathEncoding.php(26): Illuminate\\Pipeline\\Pipeline->Illuminate\\Pipeline\\{closure}(Object(Illuminate\\Http\\Request))
#59 /Users/sahalanwarhadi/project_Sahal/Scholara/backend/vendor/laravel/framework/src/Illuminate/Pipeline/Pipeline.php(219): Illuminate\\Http\\Middleware\\ValidatePathEncoding->handle(Object(Illuminate\\Http\\Request), Object(Closure))
#60 /Users/sahalanwarhadi/project_Sahal/Scholara/backend/vendor/laravel/framework/src/Illuminate/Pipeline/Pipeline.php(137): Illuminate\\Pipeline\\Pipeline->Illuminate\\Pipeline\\{closure}(Object(Illuminate\\Http\\Request))
#61 /Users/sahalanwarhadi/project_Sahal/Scholara/backend/vendor/laravel/framework/src/Illuminate/Foundation/Http/Kernel.php(175): Illuminate\\Pipeline\\Pipeline->then(Object(Closure))
#62 /Users/sahalanwarhadi/project_Sahal/Scholara/backend/vendor/laravel/framework/src/Illuminate/Foundation/Http/Kernel.php(144): Illuminate\\Foundation\\Http\\Kernel->sendRequestThroughRouter(Object(Illuminate\\Http\\Request))
#63 /Users/sahalanwarhadi/project_Sahal/Scholara/backend/vendor/laravel/framework/src/Illuminate/Foundation/Application.php(1220): Illuminate\\Foundation\\Http\\Kernel->handle(Object(Illuminate\\Http\\Request))
#64 /Users/sahalanwarhadi/project_Sahal/Scholara/backend/public/index.php(20): Illuminate\\Foundation\\Application->handleRequest(Object(Illuminate\\Http\\Request))
#65 /Users/sahalanwarhadi/project_Sahal/Scholara/backend/vendor/laravel/framework/src/Illuminate/Foundation/resources/server.php(23): require_once('/Users/sahalanw...')
#66 {main}

[previous exception] [object] (PDOException(code: 23000): SQLSTATE[23000]: Integrity constraint violation: 1062 Duplicate entry '15-1A' for key 'kelas.uq_kelas_ta_nama' at /Users/sahalanwarhadi/project_Sahal/Scholara/backend/vendor/laravel/framework/src/Illuminate/Database/MySqlConnection.php:53)
[stacktrace]
#0 /Users/sahalanwarhadi/project_Sahal/Scholara/backend/vendor/laravel/framework/src/Illuminate/Database/MySqlConnection.php(53): PDOStatement->execute()
#1 /Users/sahalanwarhadi/project_Sahal/Scholara/backend/vendor/laravel/framework/src/Illuminate/Database/Connection.php(827): Illuminate\\Database\\MySqlConnection->Illuminate\\Database\\{closure}('insert into `ke...', Array)
#2 /Users/sahalanwarhadi/project_Sahal/Scholara/backend/vendor/laravel/framework/src/Illuminate/Database/Connection.php(794): Illuminate\\Database\\Connection->runQueryCallback('insert into `ke...', Array, Object(Closure))
#3 /Users/sahalanwarhadi/project_Sahal/Scholara/backend/vendor/laravel/framework/src/Illuminate/Database/MySqlConnection.php(42): Illuminate\\Database\\Connection->run('insert into `ke...', Array, Object(Closure))
#4 /Users/sahalanwarhadi/project_Sahal/Scholara/backend/vendor/laravel/framework/src/Illuminate/Database/Query/Processors/MySqlProcessor.php(35): Illuminate\\Database\\MySqlConnection->insert('insert into `ke...', Array, 'id')
#5 /Users/sahalanwarhadi/project_Sahal/Scholara/backend/vendor/laravel/framework/src/Illuminate/Database/Query/Builder.php(4170): Illuminate\\Database\\Query\\Processors\\MySqlProcessor->processInsertGetId(Object(Illuminate\\Database\\Query\\Builder), 'insert into `ke...', Array, 'id')
#6 /Users/sahalanwarhadi/project_Sahal/Scholara/backend/vendor/laravel/framework/src/Illuminate/Database/Eloquent/Builder.php(2237): Illuminate\\Database\\Query\\Builder->insertGetId(Array, 'id')
#7 /Users/sahalanwarhadi/project_Sahal/Scholara/backend/vendor/laravel/framework/src/Illuminate/Database/Eloquent/Model.php(1436): Illuminate\\Database\\Eloquent\\Builder->__call('insertGetId', Array)
#8 /Users/sahalanwarhadi/project_Sahal/Scholara/backend/vendor/laravel/framework/src/Illuminate/Database/Eloquent/Model.php(1401): Illuminate\\Database\\Eloquent\\Model->insertAndSetId(Object(Illuminate\\Database\\Eloquent\\Builder), Array)
#9 /Users/sahalanwarhadi/project_Sahal/Scholara/backend/vendor/laravel/framework/src/Illuminate/Database/Eloquent/Model.php(1240): Illuminate\\Database\\Eloquent\\Model->performInsert(Object(Illuminate\\Database\\Eloquent\\Builder))
#10 /Users/sahalanwarhadi/project_Sahal/Scholara/backend/vendor/laravel/framework/src/Illuminate/Database/Eloquent/Builder.php(1219): Illuminate\\Database\\Eloquent\\Model->save()
#11 /Users/sahalanwarhadi/project_Sahal/Scholara/backend/vendor/laravel/framework/src/Illuminate/Support/helpers.php(393): Illuminate\\Database\\Eloquent\\Builder->Illuminate\\Database\\Eloquent\\{closure}(Object(App\\Models\\Kelas))
#12 /Users/sahalanwarhadi/project_Sahal/Scholara/backend/vendor/laravel/framework/src/Illuminate/Database/Eloquent/Builder.php(1218): tap(Object(App\\Models\\Kelas), Object(Closure))
#13 /Users/sahalanwarhadi/project_Sahal/Scholara/backend/vendor/laravel/framework/src/Illuminate/Support/Traits/ForwardsCalls.php(23): Illuminate\\Database\\Eloquent\\Builder->create(Array)
#14 /Users/sahalanwarhadi/project_Sahal/Scholara/backend/vendor/laravel/framework/src/Illuminate/Database/Eloquent/Model.php(2544): Illuminate\\Database\\Eloquent\\Model->forwardCallTo(Object(Illuminate\\Database\\Eloquent\\Builder), 'create', Array)
#15 /Users/sahalanwarhadi/project_Sahal/Scholara/backend/vendor/laravel/framework/src/Illuminate/Database/Eloquent/Model.php(2560): Illuminate\\Database\\Eloquent\\Model->__call('create', Array)
#16 /Users/sahalanwarhadi/project_Sahal/Scholara/backend/app/Http/Controllers/MasterData/MasterDataKelasController.php(70): Illuminate\\Database\\Eloquent\\Model::__callStatic('create', Array)
#17 /Users/sahalanwarhadi/project_Sahal/Scholara/backend/vendor/laravel/framework/src/Illuminate/Routing/Controller.php(54): App\\Http\\Controllers\\MasterData\\MasterDataKelasController->store(Object(App\\Http\\Requests\\Kelas\\StoreKelasRequest))
#18 /Users/sahalanwarhadi/project_Sahal/Scholara/backend/vendor/laravel/framework/src/Illuminate/Routing/ControllerDispatcher.php(43): Illuminate\\Routing\\Controller->callAction('store', Array)
#19 /Users/sahalanwarhadi/project_Sahal/Scholara/backend/vendor/laravel/framework/src/Illuminate/Routing/Route.php(265): Illuminate\\Routing\\ControllerDispatcher->dispatch(Object(Illuminate\\Routing\\Route), Object(App\\Http\\Controllers\\MasterData\\MasterDataKelasController), 'store')
#20 /Users/sahalanwarhadi/project_Sahal/Scholara/backend/vendor/laravel/framework/src/Illuminate/Routing/Route.php(211): Illuminate\\Routing\\Route->runController()
#21 /Users/sahalanwarhadi/project_Sahal/Scholara/backend/vendor/laravel/framework/src/Illuminate/Routing/Router.php(822): Illuminate\\Routing\\Route->run()
#22 /Users/sahalanwarhadi/project_Sahal/Scholara/backend/vendor/laravel/framework/src/Illuminate/Pipeline/Pipeline.php(180): Illuminate\\Routing\\Router->Illuminate\\Routing\\{closure}(Object(Illuminate\\Http\\Request))
#23 /Users/sahalanwarhadi/project_Sahal/Scholara/backend/app/Http/Middleware/PermissionMiddleware.php(58): Illuminate\\Pipeline\\Pipeline->Illuminate\\Pipeline\\{closure}(Object(Illuminate\\Http\\Request))
#24 /Users/sahalanwarhadi/project_Sahal/Scholara/backend/vendor/laravel/framework/src/Illuminate/Pipeline/Pipeline.php(219): App\\Http\\Middleware\\PermissionMiddleware->handle(Object(Illuminate\\Http\\Request), Object(Closure), 'master_data.kel...')
#25 /Users/sahalanwarhadi/project_Sahal/Scholara/backend/app/Http/Middleware/RoleMiddleware.php(56): Illuminate\\Pipeline\\Pipeline->Illuminate\\Pipeline\\{closure}(Object(Illuminate\\Http\\Request))
#26 /Users/sahalanwarhadi/project_Sahal/Scholara/backend/vendor/laravel/framework/src/Illuminate/Pipeline/Pipeline.php(219): App\\Http\\Middleware\\RoleMiddleware->handle(Object(Illuminate\\Http\\Request), Object(Closure), 'operator', 'kepsek', 'wakasek', 'super_admin')
#27 /Users/sahalanwarhadi/project_Sahal/Scholara/backend/vendor/laravel/framework/src/Illuminate/Routing/Middleware/SubstituteBindings.php(50): Illuminate\\Pipeline\\Pipeline->Illuminate\\Pipeline\\{closure}(Object(Illuminate\\Http\\Request))
#28 /Users/sahalanwarhadi/project_Sahal/Scholara/backend/vendor/laravel/framework/src/Illuminate/Pipeline/Pipeline.php(219): Illuminate\\Routing\\Middleware\\SubstituteBindings->handle(Object(Illuminate\\Http\\Request), Object(Closure))
#29 /Users/sahalanwarhadi/project_Sahal/Scholara/backend/vendor/laravel/framework/src/Illuminate/Auth/Middleware/Authenticate.php(63): Illuminate\\Pipeline\\Pipeline->Illuminate\\Pipeline\\{closure}(Object(Illuminate\\Http\\Request))
#30 /Users/sahalanwarhadi/project_Sahal/Scholara/backend/vendor/laravel/framework/src/Illuminate/Pipeline/Pipeline.php(219): Illuminate\\Auth\\Middleware\\Authenticate->handle(Object(Illuminate\\Http\\Request), Object(Closure), 'sanctum')
#31 /Users/sahalanwarhadi/project_Sahal/Scholara/backend/app/Http/Middleware/TenantMiddleware.php(47): Illuminate\\Pipeline\\Pipeline->Illuminate\\Pipeline\\{closure}(Object(Illuminate\\Http\\Request))
#32 /Users/sahalanwarhadi/project_Sahal/Scholara/backend/vendor/laravel/framework/src/Illuminate/Pipeline/Pipeline.php(219): App\\Http\\Middleware\\TenantMiddleware->handle(Object(Illuminate\\Http\\Request), Object(Closure))
#33 /Users/sahalanwarhadi/project_Sahal/Scholara/backend/app/Http/Middleware/InjectTokenFromCookie.php(30): Illuminate\\Pipeline\\Pipeline->Illuminate\\Pipeline\\{closure}(Object(Illuminate\\Http\\Request))
#34 /Users/sahalanwarhadi/project_Sahal/Scholara/backend/vendor/laravel/framework/src/Illuminate/Pipeline/Pipeline.php(219): App\\Http\\Middleware\\InjectTokenFromCookie->handle(Object(Illuminate\\Http\\Request), Object(Closure))
#35 /Users/sahalanwarhadi/project_Sahal/Scholara/backend/vendor/laravel/framework/src/Illuminate/Http/Middleware/HandleCors.php(74): Illuminate\\Pipeline\\Pipeline->Illuminate\\Pipeline\\{closure}(Object(Illuminate\\Http\\Request))
#36 /Users/sahalanwarhadi/project_Sahal/Scholara/backend/vendor/laravel/framework/src/Illuminate/Pipeline/Pipeline.php(219): Illuminate\\Http\\Middleware\\HandleCors->handle(Object(Illuminate\\Http\\Request), Object(Closure))
#37 /Users/sahalanwarhadi/project_Sahal/Scholara/backend/vendor/laravel/framework/src/Illuminate/Pipeline/Pipeline.php(137): Illuminate\\Pipeline\\Pipeline->Illuminate\\Pipeline\\{closure}(Object(Illuminate\\Http\\Request))
#38 /Users/sahalanwarhadi/project_Sahal/Scholara/backend/vendor/laravel/framework/src/Illuminate/Routing/Router.php(821): Illuminate\\Pipeline\\Pipeline->then(Object(Closure))
#39 /Users/sahalanwarhadi/project_Sahal/Scholara/backend/vendor/laravel/framework/src/Illuminate/Routing/Router.php(800): Illuminate\\Routing\\Router->runRouteWithinStack(Object(Illuminate\\Routing\\Route), Object(Illuminate\\Http\\Request))
#40 /Users/sahalanwarhadi/project_Sahal/Scholara/backend/vendor/laravel/framework/src/Illuminate/Routing/Router.php(764): Illuminate\\Routing\\Router->runRoute(Object(Illuminate\\Http\\Request), Object(Illuminate\\Routing\\Route))
#41 /Users/sahalanwarhadi/project_Sahal/Scholara/backend/vendor/laravel/framework/src/Illuminate/Routing/Router.php(753): Illuminate\\Routing\\Router->dispatchToRoute(Object(Illuminate\\Http\\Request))
#42 /Users/sahalanwarhadi/project_Sahal/Scholara/backend/vendor/laravel/framework/src/Illuminate/Foundation/Http/Kernel.php(200): Illuminate\\Routing\\Router->dispatch(Object(Illuminate\\Http\\Request))
#43 /Users/sahalanwarhadi/project_Sahal/Scholara/backend/vendor/laravel/framework/src/Illuminate/Pipeline/Pipeline.php(180): Illuminate\\Foundation\\Http\\Kernel->Illuminate\\Foundation\\Http\\{closure}(Object(Illuminate\\Http\\Request))
#44 /Users/sahalanwarhadi/project_Sahal/Scholara/backend/vendor/laravel/framework/src/Illuminate/Foundation/Http/Middleware/TransformsRequest.php(21): Illuminate\\Pipeline\\Pipeline->Illuminate\\Pipeline\\{closure}(Object(Illuminate\\Http\\Request))
#45 /Users/sahalanwarhadi/project_Sahal/Scholara/backend/vendor/laravel/framework/src/Illuminate/Foundation/Http/Middleware/ConvertEmptyStringsToNull.php(31): Illuminate\\Foundation\\Http\\Middleware\\TransformsRequest->handle(Object(Illuminate\\Http\\Request), Object(Closure))
#46 /Users/sahalanwarhadi/project_Sahal/Scholara/backend/vendor/laravel/framework/src/Illuminate/Pipeline/Pipeline.php(219): Illuminate\\Foundation\\Http\\Middleware\\ConvertEmptyStringsToNull->handle(Object(Illuminate\\Http\\Request), Object(Closure))
#47 /Users/sahalanwarhadi/project_Sahal/Scholara/backend/vendor/laravel/framework/src/Illuminate/Foundation/Http/Middleware/TransformsRequest.php(21): Illuminate\\Pipeline\\Pipeline->Illuminate\\Pipeline\\{closure}(Object(Illuminate\\Http\\Request))
#48 /Users/sahalanwarhadi/project_Sahal/Scholara/backend/vendor/laravel/framework/src/Illuminate/Foundation/Http/Middleware/TrimStrings.php(51): Illuminate\\Foundation\\Http\\Middleware\\TransformsRequest->handle(Object(Illuminate\\Http\\Request), Object(Closure))
#49 /Users/sahalanwarhadi/project_Sahal/Scholara/backend/vendor/laravel/framework/src/Illuminate/Pipeline/Pipeline.php(219): Illuminate\\Foundation\\Http\\Middleware\\TrimStrings->handle(Object(Illuminate\\Http\\Request), Object(Closure))
#50 /Users/sahalanwarhadi/project_Sahal/Scholara/backend/vendor/laravel/framework/src/Illuminate/Http/Middleware/ValidatePostSize.php(27): Illuminate\\Pipeline\\Pipeline->Illuminate\\Pipeline\\{closure}(Object(Illuminate\\Http\\Request))
#51 /Users/sahalanwarhadi/project_Sahal/Scholara/backend/vendor/laravel/framework/src/Illuminate/Pipeline/Pipeline.php(219): Illuminate\\Http\\Middleware\\ValidatePostSize->handle(Object(Illuminate\\Http\\Request), Object(Closure))
#52 /Users/sahalanwarhadi/project_Sahal/Scholara/backend/vendor/laravel/framework/src/Illuminate/Foundation/Http/Middleware/PreventRequestsDuringMaintenance.php(109): Illuminate\\Pipeline\\Pipeline->Illuminate\\Pipeline\\{closure}(Object(Illuminate\\Http\\Request))
#53 /Users/sahalanwarhadi/project_Sahal/Scholara/backend/vendor/laravel/framework/src/Illuminate/Pipeline/Pipeline.php(219): Illuminate\\Foundation\\Http\\Middleware\\PreventRequestsDuringMaintenance->handle(Object(Illuminate\\Http\\Request), Object(Closure))
#54 /Users/sahalanwarhadi/project_Sahal/Scholara/backend/vendor/laravel/framework/src/Illuminate/Http/Middleware/HandleCors.php(74): Illuminate\\Pipeline\\Pipeline->Illuminate\\Pipeline\\{closure}(Object(Illuminate\\Http\\Request))
#55 /Users/sahalanwarhadi/project_Sahal/Scholara/backend/vendor/laravel/framework/src/Illuminate/Pipeline/Pipeline.php(219): Illuminate\\Http\\Middleware\\HandleCors->handle(Object(Illuminate\\Http\\Request), Object(Closure))
#56 /Users/sahalanwarhadi/project_Sahal/Scholara/backend/vendor/laravel/framework/src/Illuminate/Http/Middleware/TrustProxies.php(58): Illuminate\\Pipeline\\Pipeline->Illuminate\\Pipeline\\{closure}(Object(Illuminate\\Http\\Request))
#57 /Users/sahalanwarhadi/project_Sahal/Scholara/backend/vendor/laravel/framework/src/Illuminate/Pipeline/Pipeline.php(219): Illuminate\\Http\\Middleware\\TrustProxies->handle(Object(Illuminate\\Http\\Request), Object(Closure))
#58 /Users/sahalanwarhadi/project_Sahal/Scholara/backend/vendor/laravel/framework/src/Illuminate/Foundation/Http/Middleware/InvokeDeferredCallbacks.php(22): Illuminate\\Pipeline\\Pipeline->Illuminate\\Pipeline\\{closure}(Object(Illuminate\\Http\\Request))
#59 /Users/sahalanwarhadi/project_Sahal/Scholara/backend/vendor/laravel/framework/src/Illuminate/Pipeline/Pipeline.php(219): Illuminate\\Foundation\\Http\\Middleware\\InvokeDeferredCallbacks->handle(Object(Illuminate\\Http\\Request), Object(Closure))
#60 /Users/sahalanwarhadi/project_Sahal/Scholara/backend/vendor/laravel/framework/src/Illuminate/Http/Middleware/ValidatePathEncoding.php(26): Illuminate\\Pipeline\\Pipeline->Illuminate\\Pipeline\\{closure}(Object(Illuminate\\Http\\Request))
#61 /Users/sahalanwarhadi/project_Sahal/Scholara/backend/vendor/laravel/framework/src/Illuminate/Pipeline/Pipeline.php(219): Illuminate\\Http\\Middleware\\ValidatePathEncoding->handle(Object(Illuminate\\Http\\Request), Object(Closure))
#62 /Users/sahalanwarhadi/project_Sahal/Scholara/backend/vendor/laravel/framework/src/Illuminate/Pipeline/Pipeline.php(137): Illuminate\\Pipeline\\Pipeline->Illuminate\\Pipeline\\{closure}(Object(Illuminate\\Http\\Request))
#63 /Users/sahalanwarhadi/project_Sahal/Scholara/backend/vendor/laravel/framework/src/Illuminate/Foundation/Http/Kernel.php(175): Illuminate\\Pipeline\\Pipeline->then(Object(Closure))
#64 /Users/sahalanwarhadi/project_Sahal/Scholara/backend/vendor/laravel/framework/src/Illuminate/Foundation/Http/Kernel.php(144): Illuminate\\Foundation\\Http\\Kernel->sendRequestThroughRouter(Object(Illuminate\\Http\\Request))
#65 /Users/sahalanwarhadi/project_Sahal/Scholara/backend/vendor/laravel/framework/src/Illuminate/Foundation/Application.php(1220): Illuminate\\Foundation\\Http\\Kernel->handle(Object(Illuminate\\Http\\Request))
#66 /Users/sahalanwarhadi/project_Sahal/Scholara/backend/public/index.php(20): Illuminate\\Foundation\\Application->handleRequest(Object(Illuminate\\Http\\Request))
#67 /Users/sahalanwarhadi/project_Sahal/Scholara/backend/vendor/laravel/framework/src/Illuminate/Foundation/resources/server.php(23): require_once('/Users/sahalanw...')
#68 {main}
"} 
[2026-10-06 16:46:04] local.WARNING: EncryptedString: Gagal dekripsi kolom. {"model":"App\\Models\\Siswa","key":"nisn","id":3} 
[2026-10-06 16:46:04] local.WARNING: EncryptedString: Gagal dekripsi kolom. {"model":"App\\Models\\Siswa","key":"nisn","id":1} 
[2026-10-06 16:46:04] local.WARNING: EncryptedString: Gagal dekripsi kolom. {"model":"App\\Models\\Siswa","key":"nisn","id":4} 
[2026-10-06 16:46:04] local.WARNING: EncryptedString: Gagal dekripsi kolom. {"model":"App\\Models\\Siswa","key":"nisn","id":2} 
[2026-10-06 16:46:04] local.WARNING: EncryptedString: Gagal dekripsi kolom. {"model":"App\\Models\\Guru","key":"nuptk","id":1} 
[2026-10-06 16:46:54] local.WARNING: EncryptedString: Gagal dekripsi kolom. {"model":"App\\Models\\Guru","key":"nuptk","id":1} 
[2026-10-06 16:47:12] local.ERROR: Call to undefined relationship [kurikulum] on model [App\Models\Kelas]. {"userId":6,"exception":"[object] (Illuminate\\Database\\Eloquent\\RelationNotFoundException(code: 0): Call to undefined relationship [kurikulum] on model [App\\Models\\Kelas]. at /Users/sahalanwarhadi/project_Sahal/Scholara/backend/vendor/laravel/framework/src/Illuminate/Database/Eloquent/RelationNotFoundException.php:35)
[stacktrace]
#0 /Users/sahalanwarhadi/project_Sahal/Scholara/backend/vendor/laravel/framework/src/Illuminate/Database/Eloquent/Builder.php(969): Illuminate\\Database\\Eloquent\\RelationNotFoundException::make(Object(App\\Models\\Kelas), 'kurikulum')
#1 /Users/sahalanwarhadi/project_Sahal/Scholara/backend/vendor/laravel/framework/src/Illuminate/Database/Eloquent/Relations/Relation.php(119): Illuminate\\Database\\Eloquent\\Builder->Illuminate\\Database\\Eloquent\\{closure}()
#2 /Users/sahalanwarhadi/project_Sahal/Scholara/backend/vendor/laravel/framework/src/Illuminate/Database/Eloquent/Builder.php(965): Illuminate\\Database\\Eloquent\\Relations\\Relation::noConstraints(Object(Closure))
#3 /Users/sahalanwarhadi/project_Sahal/Scholara/backend/vendor/laravel/framework/src/Illuminate/Database/Eloquent/Builder.php(939): Illuminate\\Database\\Eloquent\\Builder->getRelation('kurikulum')
#4 /Users/sahalanwarhadi/project_Sahal/Scholara/backend/vendor/laravel/framework/src/Illuminate/Database/Eloquent/Builder.php(919): Illuminate\\Database\\Eloquent\\Builder->eagerLoadRelation(Array, 'kurikulum', Object(Closure))
#5 /Users/sahalanwarhadi/project_Sahal/Scholara/backend/vendor/laravel/framework/src/Illuminate/Database/Eloquent/Builder.php(885): Illuminate\\Database\\Eloquent\\Builder->eagerLoadRelations(Array)
#6 /Users/sahalanwarhadi/project_Sahal/Scholara/backend/app/Services/TahunAjaranService.php(77): Illuminate\\Database\\Eloquent\\Builder->get()
#7 /Users/sahalanwarhadi/project_Sahal/Scholara/backend/app/Http/Controllers/MasterData/TahunAjaranController.php(48): App\\Services\\TahunAjaranService->buildDetail(Object(App\\Models\\TahunAjaran))
#8 /Users/sahalanwarhadi/project_Sahal/Scholara/backend/vendor/laravel/framework/src/Illuminate/Routing/Controller.php(54): App\\Http\\Controllers\\MasterData\\TahunAjaranController->show('01M3S8SJDF9G55D...')
#9 /Users/sahalanwarhadi/project_Sahal/Scholara/backend/vendor/laravel/framework/src/Illuminate/Routing/ControllerDispatcher.php(43): Illuminate\\Routing\\Controller->callAction('show', Array)
#10 /Users/sahalanwarhadi/project_Sahal/Scholara/backend/vendor/laravel/framework/src/Illuminate/Routing/Route.php(265): Illuminate\\Routing\\ControllerDispatcher->dispatch(Object(Illuminate\\Routing\\Route), Object(App\\Http\\Controllers\\MasterData\\TahunAjaranController), 'show')
#11 /Users/sahalanwarhadi/project_Sahal/Scholara/backend/vendor/laravel/framework/src/Illuminate/Routing/Route.php(211): Illuminate\\Routing\\Route->runController()
#12 /Users/sahalanwarhadi/project_Sahal/Scholara/backend/vendor/laravel/framework/src/Illuminate/Routing/Router.php(822): Illuminate\\Routing\\Route->run()
#13 /Users/sahalanwarhadi/project_Sahal/Scholara/backend/vendor/laravel/framework/src/Illuminate/Pipeline/Pipeline.php(180): Illuminate\\Routing\\Router->Illuminate\\Routing\\{closure}(Object(Illuminate\\Http\\Request))
#14 /Users/sahalanwarhadi/project_Sahal/Scholara/backend/app/Http/Middleware/PermissionMiddleware.php(58): Illuminate\\Pipeline\\Pipeline->Illuminate\\Pipeline\\{closure}(Object(Illuminate\\Http\\Request))
#15 /Users/sahalanwarhadi/project_Sahal/Scholara/backend/vendor/laravel/framework/src/Illuminate/Pipeline/Pipeline.php(219): App\\Http\\Middleware\\PermissionMiddleware->handle(Object(Illuminate\\Http\\Request), Object(Closure), 'master_data.tah...')
#16 /Users/sahalanwarhadi/project_Sahal/Scholara/backend/app/Http/Middleware/RoleMiddleware.php(56): Illuminate\\Pipeline\\Pipeline->Illuminate\\Pipeline\\{closure}(Object(Illuminate\\Http\\Request))
#17 /Users/sahalanwarhadi/project_Sahal/Scholara/backend/vendor/laravel/framework/src/Illuminate/Pipeline/Pipeline.php(219): App\\Http\\Middleware\\RoleMiddleware->handle(Object(Illuminate\\Http\\Request), Object(Closure), 'operator', 'kepsek', 'wakasek', 'super_admin')
#18 /Users/sahalanwarhadi/project_Sahal/Scholara/backend/vendor/laravel/framework/src/Illuminate/Routing/Middleware/SubstituteBindings.php(50): Illuminate\\Pipeline\\Pipeline->Illuminate\\Pipeline\\{closure}(Object(Illuminate\\Http\\Request))
#19 /Users/sahalanwarhadi/project_Sahal/Scholara/backend/vendor/laravel/framework/src/Illuminate/Pipeline/Pipeline.php(219): Illuminate\\Routing\\Middleware\\SubstituteBindings->handle(Object(Illuminate\\Http\\Request), Object(Closure))
#20 /Users/sahalanwarhadi/project_Sahal/Scholara/backend/vendor/laravel/framework/src/Illuminate/Auth/Middleware/Authenticate.php(63): Illuminate\\Pipeline\\Pipeline->Illuminate\\Pipeline\\{closure}(Object(Illuminate\\Http\\Request))
#21 /Users/sahalanwarhadi/project_Sahal/Scholara/backend/vendor/laravel/framework/src/Illuminate/Pipeline/Pipeline.php(219): Illuminate\\Auth\\Middleware\\Authenticate->handle(Object(Illuminate\\Http\\Request), Object(Closure), 'sanctum')
#22 /Users/sahalanwarhadi/project_Sahal/Scholara/backend/app/Http/Middleware/TenantMiddleware.php(47): Illuminate\\Pipeline\\Pipeline->Illuminate\\Pipeline\\{closure}(Object(Illuminate\\Http\\Request))
#23 /Users/sahalanwarhadi/project_Sahal/Scholara/backend/vendor/laravel/framework/src/Illuminate/Pipeline/Pipeline.php(219): App\\Http\\Middleware\\TenantMiddleware->handle(Object(Illuminate\\Http\\Request), Object(Closure))
#24 /Users/sahalanwarhadi/project_Sahal/Scholara/backend/app/Http/Middleware/InjectTokenFromCookie.php(30): Illuminate\\Pipeline\\Pipeline->Illuminate\\Pipeline\\{closure}(Object(Illuminate\\Http\\Request))
#25 /Users/sahalanwarhadi/project_Sahal/Scholara/backend/vendor/laravel/framework/src/Illuminate/Pipeline/Pipeline.php(219): App\\Http\\Middleware\\InjectTokenFromCookie->handle(Object(Illuminate\\Http\\Request), Object(Closure))
#26 /Users/sahalanwarhadi/project_Sahal/Scholara/backend/vendor/laravel/framework/src/Illuminate/Http/Middleware/HandleCors.php(74): Illuminate\\Pipeline\\Pipeline->Illuminate\\Pipeline\\{closure}(Object(Illuminate\\Http\\Request))
#27 /Users/sahalanwarhadi/project_Sahal/Scholara/backend/vendor/laravel/framework/src/Illuminate/Pipeline/Pipeline.php(219): Illuminate\\Http\\Middleware\\HandleCors->handle(Object(Illuminate\\Http\\Request), Object(Closure))
#28 /Users/sahalanwarhadi/project_Sahal/Scholara/backend/vendor/laravel/framework/src/Illuminate/Pipeline/Pipeline.php(137): Illuminate\\Pipeline\\Pipeline->Illuminate\\Pipeline\\{closure}(Object(Illuminate\\Http\\Request))
#29 /Users/sahalanwarhadi/project_Sahal/Scholara/backend/vendor/laravel/framework/src/Illuminate/Routing/Router.php(821): Illuminate\\Pipeline\\Pipeline->then(Object(Closure))
#30 /Users/sahalanwarhadi/project_Sahal/Scholara/backend/vendor/laravel/framework/src/Illuminate/Routing/Router.php(800): Illuminate\\Routing\\Router->runRouteWithinStack(Object(Illuminate\\Routing\\Route), Object(Illuminate\\Http\\Request))
#31 /Users/sahalanwarhadi/project_Sahal/Scholara/backend/vendor/laravel/framework/src/Illuminate/Routing/Router.php(764): Illuminate\\Routing\\Router->runRoute(Object(Illuminate\\Http\\Request), Object(Illuminate\\Routing\\Route))
#32 /Users/sahalanwarhadi/project_Sahal/Scholara/backend/vendor/laravel/framework/src/Illuminate/Routing/Router.php(753): Illuminate\\Routing\\Router->dispatchToRoute(Object(Illuminate\\Http\\Request))
#33 /Users/sahalanwarhadi/project_Sahal/Scholara/backend/vendor/laravel/framework/src/Illuminate/Foundation/Http/Kernel.php(200): Illuminate\\Routing\\Router->dispatch(Object(Illuminate\\Http\\Request))
#34 /Users/sahalanwarhadi/project_Sahal/Scholara/backend/vendor/laravel/framework/src/Illuminate/Pipeline/Pipeline.php(180): Illuminate\\Foundation\\Http\\Kernel->Illuminate\\Foundation\\Http\\{closure}(Object(Illuminate\\Http\\Request))
#35 /Users/sahalanwarhadi/project_Sahal/Scholara/backend/vendor/laravel/framework/src/Illuminate/Foundation/Http/Middleware/TransformsRequest.php(21): Illuminate\\Pipeline\\Pipeline->Illuminate\\Pipeline\\{closure}(Object(Illuminate\\Http\\Request))
#36 /Users/sahalanwarhadi/project_Sahal/Scholara/backend/vendor/laravel/framework/src/Illuminate/Foundation/Http/Middleware/ConvertEmptyStringsToNull.php(31): Illuminate\\Foundation\\Http\\Middleware\\TransformsRequest->handle(Object(Illuminate\\Http\\Request), Object(Closure))
#37 /Users/sahalanwarhadi/project_Sahal/Scholara/backend/vendor/laravel/framework/src/Illuminate/Pipeline/Pipeline.php(219): Illuminate\\Foundation\\Http\\Middleware\\ConvertEmptyStringsToNull->handle(Object(Illuminate\\Http\\Request), Object(Closure))
#38 /Users/sahalanwarhadi/project_Sahal/Scholara/backend/vendor/laravel/framework/src/Illuminate/Foundation/Http/Middleware/TransformsRequest.php(21): Illuminate\\Pipeline\\Pipeline->Illuminate\\Pipeline\\{closure}(Object(Illuminate\\Http\\Request))
#39 /Users/sahalanwarhadi/project_Sahal/Scholara/backend/vendor/laravel/framework/src/Illuminate/Foundation/Http/Middleware/TrimStrings.php(51): Illuminate\\Foundation\\Http\\Middleware\\TransformsRequest->handle(Object(Illuminate\\Http\\Request), Object(Closure))
#40 /Users/sahalanwarhadi/project_Sahal/Scholara/backend/vendor/laravel/framework/src/Illuminate/Pipeline/Pipeline.php(219): Illuminate\\Foundation\\Http\\Middleware\\TrimStrings->handle(Object(Illuminate\\Http\\Request), Object(Closure))
#41 /Users/sahalanwarhadi/project_Sahal/Scholara/backend/vendor/laravel/framework/src/Illuminate/Http/Middleware/ValidatePostSize.php(27): Illuminate\\Pipeline\\Pipeline->Illuminate\\Pipeline\\{closure}(Object(Illuminate\\Http\\Request))
#42 /Users/sahalanwarhadi/project_Sahal/Scholara/backend/vendor/laravel/framework/src/Illuminate/Pipeline/Pipeline.php(219): Illuminate\\Http\\Middleware\\ValidatePostSize->handle(Object(Illuminate\\Http\\Request), Object(Closure))
#43 /Users/sahalanwarhadi/project_Sahal/Scholara/backend/vendor/laravel/framework/src/Illuminate/Foundation/Http/Middleware/PreventRequestsDuringMaintenance.php(109): Illuminate\\Pipeline\\Pipeline->Illuminate\\Pipeline\\{closure}(Object(Illuminate\\Http\\Request))
#44 /Users/sahalanwarhadi/project_Sahal/Scholara/backend/vendor/laravel/framework/src/Illuminate/Pipeline/Pipeline.php(219): Illuminate\\Foundation\\Http\\Middleware\\PreventRequestsDuringMaintenance->handle(Object(Illuminate\\Http\\Request), Object(Closure))
#45 /Users/sahalanwarhadi/project_Sahal/Scholara/backend/vendor/laravel/framework/src/Illuminate/Http/Middleware/HandleCors.php(74): Illuminate\\Pipeline\\Pipeline->Illuminate\\Pipeline\\{closure}(Object(Illuminate\\Http\\Request))
#46 /Users/sahalanwarhadi/project_Sahal/Scholara/backend/vendor/laravel/framework/src/Illuminate/Pipeline/Pipeline.php(219): Illuminate\\Http\\Middleware\\HandleCors->handle(Object(Illuminate\\Http\\Request), Object(Closure))
#47 /Users/sahalanwarhadi/project_Sahal/Scholara/backend/vendor/laravel/framework/src/Illuminate/Http/Middleware/TrustProxies.php(58): Illuminate\\Pipeline\\Pipeline->Illuminate\\Pipeline\\{closure}(Object(Illuminate\\Http\\Request))
#48 /Users/sahalanwarhadi/project_Sahal/Scholara/backend/vendor/laravel/framework/src/Illuminate/Pipeline/Pipeline.php(219): Illuminate\\Http\\Middleware\\TrustProxies->handle(Object(Illuminate\\Http\\Request), Object(Closure))
#49 /Users/sahalanwarhadi/project_Sahal/Scholara/backend/vendor/laravel/framework/src/Illuminate/Foundation/Http/Middleware/InvokeDeferredCallbacks.php(22): Illuminate\\Pipeline\\Pipeline->Illuminate\\Pipeline\\{closure}(Object(Illuminate\\Http\\Request))
#50 /Users/sahalanwarhadi/project_Sahal/Scholara/backend/vendor/laravel/framework/src/Illuminate/Pipeline/Pipeline.php(219): Illuminate\\Foundation\\Http\\Middleware\\InvokeDeferredCallbacks->handle(Object(Illuminate\\Http\\Request), Object(Closure))
#51 /Users/sahalanwarhadi/project_Sahal/Scholara/backend/vendor/laravel/framework/src/Illuminate/Http/Middleware/ValidatePathEncoding.php(26): Illuminate\\Pipeline\\Pipeline->Illuminate\\Pipeline\\{closure}(Object(Illuminate\\Http\\Request))
#52 /Users/sahalanwarhadi/project_Sahal/Scholara/backend/vendor/laravel/framework/src/Illuminate/Pipeline/Pipeline.php(219): Illuminate\\Http\\Middleware\\ValidatePathEncoding->handle(Object(Illuminate\\Http\\Request), Object(Closure))
#53 /Users/sahalanwarhadi/project_Sahal/Scholara/backend/vendor/laravel/framework/src/Illuminate/Pipeline/Pipeline.php(137): Illuminate\\Pipeline\\Pipeline->Illuminate\\Pipeline\\{closure}(Object(Illuminate\\Http\\Request))
#54 /Users/sahalanwarhadi/project_Sahal/Scholara/backend/vendor/laravel/framework/src/Illuminate/Foundation/Http/Kernel.php(175): Illuminate\\Pipeline\\Pipeline->then(Object(Closure))
#55 /Users/sahalanwarhadi/project_Sahal/Scholara/backend/vendor/laravel/framework/src/Illuminate/Foundation/Http/Kernel.php(144): Illuminate\\Foundation\\Http\\Kernel->sendRequestThroughRouter(Object(Illuminate\\Http\\Request))
#56 /Users/sahalanwarhadi/project_Sahal/Scholara/backend/vendor/laravel/framework/src/Illuminate/Foundation/Application.php(1220): Illuminate\\Foundation\\Http\\Kernel->handle(Object(Illuminate\\Http\\Request))
#57 /Users/sahalanwarhadi/project_Sahal/Scholara/backend/public/index.php(20): Illuminate\\Foundation\\Application->handleRequest(Object(Illuminate\\Http\\Request))
#58 /Users/sahalanwarhadi/project_Sahal/Scholara/backend/vendor/laravel/framework/src/Illuminate/Foundation/resources/server.php(23): require_once('/Users/sahalanw...')
#59 {main}
"} 
[2026-10-06 16:47:16] local.WARNING: EncryptedString: Gagal dekripsi kolom. {"model":"App\\Models\\Guru","key":"nuptk","id":1} 
[2026-10-06 16:47:18] local.ERROR: Call to undefined relationship [kurikulum] on model [App\Models\Kelas]. {"userId":6,"exception":"[object] (Illuminate\\Database\\Eloquent\\RelationNotFoundException(code: 0): Call to undefined relationship [kurikulum] on model [App\\Models\\Kelas]. at /Users/sahalanwarhadi/project_Sahal/Scholara/backend/vendor/laravel/framework/src/Illuminate/Database/Eloquent/RelationNotFoundException.php:35)
[stacktrace]
#0 /Users/sahalanwarhadi/project_Sahal/Scholara/backend/vendor/laravel/framework/src/Illuminate/Database/Eloquent/Builder.php(969): Illuminate\\Database\\Eloquent\\RelationNotFoundException::make(Object(App\\Models\\Kelas), 'kurikulum')
#1 /Users/sahalanwarhadi/project_Sahal/Scholara/backend/vendor/laravel/framework/src/Illuminate/Database/Eloquent/Relations/Relation.php(119): Illuminate\\Database\\Eloquent\\Builder->Illuminate\\Database\\Eloquent\\{closure}()
#2 /Users/sahalanwarhadi/project_Sahal/Scholara/backend/vendor/laravel/framework/src/Illuminate/Database/Eloquent/Builder.php(965): Illuminate\\Database\\Eloquent\\Relations\\Relation::noConstraints(Object(Closure))
#3 /Users/sahalanwarhadi/project_Sahal/Scholara/backend/vendor/laravel/framework/src/Illuminate/Database/Eloquent/Builder.php(939): Illuminate\\Database\\Eloquent\\Builder->getRelation('kurikulum')
#4 /Users/sahalanwarhadi/project_Sahal/Scholara/backend/vendor/laravel/framework/src/Illuminate/Database/Eloquent/Builder.php(919): Illuminate\\Database\\Eloquent\\Builder->eagerLoadRelation(Array, 'kurikulum', Object(Closure))
#5 /Users/sahalanwarhadi/project_Sahal/Scholara/backend/vendor/laravel/framework/src/Illuminate/Database/Eloquent/Builder.php(885): Illuminate\\Database\\Eloquent\\Builder->eagerLoadRelations(Array)
#6 /Users/sahalanwarhadi/project_Sahal/Scholara/backend/app/Services/TahunAjaranService.php(77): Illuminate\\Database\\Eloquent\\Builder->get()
#7 /Users/sahalanwarhadi/project_Sahal/Scholara/backend/app/Http/Controllers/MasterData/TahunAjaranController.php(48): App\\Services\\TahunAjaranService->buildDetail(Object(App\\Models\\TahunAjaran))
#8 /Users/sahalanwarhadi/project_Sahal/Scholara/backend/vendor/laravel/framework/src/Illuminate/Routing/Controller.php(54): App\\Http\\Controllers\\MasterData\\TahunAjaranController->show('01M3S8SJDF9G55D...')
#9 /Users/sahalanwarhadi/project_Sahal/Scholara/backend/vendor/laravel/framework/src/Illuminate/Routing/ControllerDispatcher.php(43): Illuminate\\Routing\\Controller->callAction('show', Array)
#10 /Users/sahalanwarhadi/project_Sahal/Scholara/backend/vendor/laravel/framework/src/Illuminate/Routing/Route.php(265): Illuminate\\Routing\\ControllerDispatcher->dispatch(Object(Illuminate\\Routing\\Route), Object(App\\Http\\Controllers\\MasterData\\TahunAjaranController), 'show')
#11 /Users/sahalanwarhadi/project_Sahal/Scholara/backend/vendor/laravel/framework/src/Illuminate/Routing/Route.php(211): Illuminate\\Routing\\Route->runController()
#12 /Users/sahalanwarhadi/project_Sahal/Scholara/backend/vendor/laravel/framework/src/Illuminate/Routing/Router.php(822): Illuminate\\Routing\\Route->run()
#13 /Users/sahalanwarhadi/project_Sahal/Scholara/backend/vendor/laravel/framework/src/Illuminate/Pipeline/Pipeline.php(180): Illuminate\\Routing\\Router->Illuminate\\Routing\\{closure}(Object(Illuminate\\Http\\Request))
#14 /Users/sahalanwarhadi/project_Sahal/Scholara/backend/app/Http/Middleware/PermissionMiddleware.php(58): Illuminate\\Pipeline\\Pipeline->Illuminate\\Pipeline\\{closure}(Object(Illuminate\\Http\\Request))
#15 /Users/sahalanwarhadi/project_Sahal/Scholara/backend/vendor/laravel/framework/src/Illuminate/Pipeline/Pipeline.php(219): App\\Http\\Middleware\\PermissionMiddleware->handle(Object(Illuminate\\Http\\Request), Object(Closure), 'master_data.tah...')
#16 /Users/sahalanwarhadi/project_Sahal/Scholara/backend/app/Http/Middleware/RoleMiddleware.php(56): Illuminate\\Pipeline\\Pipeline->Illuminate\\Pipeline\\{closure}(Object(Illuminate\\Http\\Request))
#17 /Users/sahalanwarhadi/project_Sahal/Scholara/backend/vendor/laravel/framework/src/Illuminate/Pipeline/Pipeline.php(219): App\\Http\\Middleware\\RoleMiddleware->handle(Object(Illuminate\\Http\\Request), Object(Closure), 'operator', 'kepsek', 'wakasek', 'super_admin')
#18 /Users/sahalanwarhadi/project_Sahal/Scholara/backend/vendor/laravel/framework/src/Illuminate/Routing/Middleware/SubstituteBindings.php(50): Illuminate\\Pipeline\\Pipeline->Illuminate\\Pipeline\\{closure}(Object(Illuminate\\Http\\Request))
#19 /Users/sahalanwarhadi/project_Sahal/Scholara/backend/vendor/laravel/framework/src/Illuminate/Pipeline/Pipeline.php(219): Illuminate\\Routing\\Middleware\\SubstituteBindings->handle(Object(Illuminate\\Http\\Request), Object(Closure))
#20 /Users/sahalanwarhadi/project_Sahal/Scholara/backend/vendor/laravel/framework/src/Illuminate/Auth/Middleware/Authenticate.php(63): Illuminate\\Pipeline\\Pipeline->Illuminate\\Pipeline\\{closure}(Object(Illuminate\\Http\\Request))
#21 /Users/sahalanwarhadi/project_Sahal/Scholara/backend/vendor/laravel/framework/src/Illuminate/Pipeline/Pipeline.php(219): Illuminate\\Auth\\Middleware\\Authenticate->handle(Object(Illuminate\\Http\\Request), Object(Closure), 'sanctum')
#22 /Users/sahalanwarhadi/project_Sahal/Scholara/backend/app/Http/Middleware/TenantMiddleware.php(47): Illuminate\\Pipeline\\Pipeline->Illuminate\\Pipeline\\{closure}(Object(Illuminate\\Http\\Request))
#23 /Users/sahalanwarhadi/project_Sahal/Scholara/backend/vendor/laravel/framework/src/Illuminate/Pipeline/Pipeline.php(219): App\\Http\\Middleware\\TenantMiddleware->handle(Object(Illuminate\\Http\\Request), Object(Closure))
#24 /Users/sahalanwarhadi/project_Sahal/Scholara/backend/app/Http/Middleware/InjectTokenFromCookie.php(30): Illuminate\\Pipeline\\Pipeline->Illuminate\\Pipeline\\{closure}(Object(Illuminate\\Http\\Request))
#25 /Users/sahalanwarhadi/project_Sahal/Scholara/backend/vendor/laravel/framework/src/Illuminate/Pipeline/Pipeline.php(219): App\\Http\\Middleware\\InjectTokenFromCookie->handle(Object(Illuminate\\Http\\Request), Object(Closure))
#26 /Users/sahalanwarhadi/project_Sahal/Scholara/backend/vendor/laravel/framework/src/Illuminate/Http/Middleware/HandleCors.php(74): Illuminate\\Pipeline\\Pipeline->Illuminate\\Pipeline\\{closure}(Object(Illuminate\\Http\\Request))
#27 /Users/sahalanwarhadi/project_Sahal/Scholara/backend/vendor/laravel/framework/src/Illuminate/Pipeline/Pipeline.php(219): Illuminate\\Http\\Middleware\\HandleCors->handle(Object(Illuminate\\Http\\Request), Object(Closure))
#28 /Users/sahalanwarhadi/project_Sahal/Scholara/backend/vendor/laravel/framework/src/Illuminate/Pipeline/Pipeline.php(137): Illuminate\\Pipeline\\Pipeline->Illuminate\\Pipeline\\{closure}(Object(Illuminate\\Http\\Request))
#29 /Users/sahalanwarhadi/project_Sahal/Scholara/backend/vendor/laravel/framework/src/Illuminate/Routing/Router.php(821): Illuminate\\Pipeline\\Pipeline->then(Object(Closure))
#30 /Users/sahalanwarhadi/project_Sahal/Scholara/backend/vendor/laravel/framework/src/Illuminate/Routing/Router.php(800): Illuminate\\Routing\\Router->runRouteWithinStack(Object(Illuminate\\Routing\\Route), Object(Illuminate\\Http\\Request))
#31 /Users/sahalanwarhadi/project_Sahal/Scholara/backend/vendor/laravel/framework/src/Illuminate/Routing/Router.php(764): Illuminate\\Routing\\Router->runRoute(Object(Illuminate\\Http\\Request), Object(Illuminate\\Routing\\Route))
#32 /Users/sahalanwarhadi/project_Sahal/Scholara/backend/vendor/laravel/framework/src/Illuminate/Routing/Router.php(753): Illuminate\\Routing\\Router->dispatchToRoute(Object(Illuminate\\Http\\Request))
#33 /Users/sahalanwarhadi/project_Sahal/Scholara/backend/vendor/laravel/framework/src/Illuminate/Foundation/Http/Kernel.php(200): Illuminate\\Routing\\Router->dispatch(Object(Illuminate\\Http\\Request))
#34 /Users/sahalanwarhadi/project_Sahal/Scholara/backend/vendor/laravel/framework/src/Illuminate/Pipeline/Pipeline.php(180): Illuminate\\Foundation\\Http\\Kernel->Illuminate\\Foundation\\Http\\{closure}(Object(Illuminate\\Http\\Request))
#35 /Users/sahalanwarhadi/project_Sahal/Scholara/backend/vendor/laravel/framework/src/Illuminate/Foundation/Http/Middleware/TransformsRequest.php(21): Illuminate\\Pipeline\\Pipeline->Illuminate\\Pipeline\\{closure}(Object(Illuminate\\Http\\Request))
#36 /Users/sahalanwarhadi/project_Sahal/Scholara/backend/vendor/laravel/framework/src/Illuminate/Foundation/Http/Middleware/ConvertEmptyStringsToNull.php(31): Illuminate\\Foundation\\Http\\Middleware\\TransformsRequest->handle(Object(Illuminate\\Http\\Request), Object(Closure))
#37 /Users/sahalanwarhadi/project_Sahal/Scholara/backend/vendor/laravel/framework/src/Illuminate/Pipeline/Pipeline.php(219): Illuminate\\Foundation\\Http\\Middleware\\ConvertEmptyStringsToNull->handle(Object(Illuminate\\Http\\Request), Object(Closure))
#38 /Users/sahalanwarhadi/project_Sahal/Scholara/backend/vendor/laravel/framework/src/Illuminate/Foundation/Http/Middleware/TransformsRequest.php(21): Illuminate\\Pipeline\\Pipeline->Illuminate\\Pipeline\\{closure}(Object(Illuminate\\Http\\Request))
#39 /Users/sahalanwarhadi/project_Sahal/Scholara/backend/vendor/laravel/framework/src/Illuminate/Foundation/Http/Middleware/TrimStrings.php(51): Illuminate\\Foundation\\Http\\Middleware\\TransformsRequest->handle(Object(Illuminate\\Http\\Request), Object(Closure))
#40 /Users/sahalanwarhadi/project_Sahal/Scholara/backend/vendor/laravel/framework/src/Illuminate/Pipeline/Pipeline.php(219): Illuminate\\Foundation\\Http\\Middleware\\TrimStrings->handle(Object(Illuminate\\Http\\Request), Object(Closure))
#41 /Users/sahalanwarhadi/project_Sahal/Scholara/backend/vendor/laravel/framework/src/Illuminate/Http/Middleware/ValidatePostSize.php(27): Illuminate\\Pipeline\\Pipeline->Illuminate\\Pipeline\\{closure}(Object(Illuminate\\Http\\Request))
#42 /Users/sahalanwarhadi/project_Sahal/Scholara/backend/vendor/laravel/framework/src/Illuminate/Pipeline/Pipeline.php(219): Illuminate\\Http\\Middleware\\ValidatePostSize->handle(Object(Illuminate\\Http\\Request), Object(Closure))
#43 /Users/sahalanwarhadi/project_Sahal/Scholara/backend/vendor/laravel/framework/src/Illuminate/Foundation/Http/Middleware/PreventRequestsDuringMaintenance.php(109): Illuminate\\Pipeline\\Pipeline->Illuminate\\Pipeline\\{closure}(Object(Illuminate\\Http\\Request))
#44 /Users/sahalanwarhadi/project_Sahal/Scholara/backend/vendor/laravel/framework/src/Illuminate/Pipeline/Pipeline.php(219): Illuminate\\Foundation\\Http\\Middleware\\PreventRequestsDuringMaintenance->handle(Object(Illuminate\\Http\\Request), Object(Closure))
#45 /Users/sahalanwarhadi/project_Sahal/Scholara/backend/vendor/laravel/framework/src/Illuminate/Http/Middleware/HandleCors.php(74): Illuminate\\Pipeline\\Pipeline->Illuminate\\Pipeline\\{closure}(Object(Illuminate\\Http\\Request))
#46 /Users/sahalanwarhadi/project_Sahal/Scholara/backend/vendor/laravel/framework/src/Illuminate/Pipeline/Pipeline.php(219): Illuminate\\Http\\Middleware\\HandleCors->handle(Object(Illuminate\\Http\\Request), Object(Closure))
#47 /Users/sahalanwarhadi/project_Sahal/Scholara/backend/vendor/laravel/framework/src/Illuminate/Http/Middleware/TrustProxies.php(58): Illuminate\\Pipeline\\Pipeline->Illuminate\\Pipeline\\{closure}(Object(Illuminate\\Http\\Request))
#48 /Users/sahalanwarhadi/project_Sahal/Scholara/backend/vendor/laravel/framework/src/Illuminate/Pipeline/Pipeline.php(219): Illuminate\\Http\\Middleware\\TrustProxies->handle(Object(Illuminate\\Http\\Request), Object(Closure))
#49 /Users/sahalanwarhadi/project_Sahal/Scholara/backend/vendor/laravel/framework/src/Illuminate/Foundation/Http/Middleware/InvokeDeferredCallbacks.php(22): Illuminate\\Pipeline\\Pipeline->Illuminate\\Pipeline\\{closure}(Object(Illuminate\\Http\\Request))
#50 /Users/sahalanwarhadi/project_Sahal/Scholara/backend/vendor/laravel/framework/src/Illuminate/Pipeline/Pipeline.php(219): Illuminate\\Foundation\\Http\\Middleware\\InvokeDeferredCallbacks->handle(Object(Illuminate\\Http\\Request), Object(Closure))
#51 /Users/sahalanwarhadi/project_Sahal/Scholara/backend/vendor/laravel/framework/src/Illuminate/Http/Middleware/ValidatePathEncoding.php(26): Illuminate\\Pipeline\\Pipeline->Illuminate\\Pipeline\\{closure}(Object(Illuminate\\Http\\Request))
#52 /Users/sahalanwarhadi/project_Sahal/Scholara/backend/vendor/laravel/framework/src/Illuminate/Pipeline/Pipeline.php(219): Illuminate\\Http\\Middleware\\ValidatePathEncoding->handle(Object(Illuminate\\Http\\Request), Object(Closure))
#53 /Users/sahalanwarhadi/project_Sahal/Scholara/backend/vendor/laravel/framework/src/Illuminate/Pipeline/Pipeline.php(137): Illuminate\\Pipeline\\Pipeline->Illuminate\\Pipeline\\{closure}(Object(Illuminate\\Http\\Request))
#54 /Users/sahalanwarhadi/project_Sahal/Scholara/backend/vendor/laravel/framework/src/Illuminate/Foundation/Http/Kernel.php(175): Illuminate\\Pipeline\\Pipeline->then(Object(Closure))
#55 /Users/sahalanwarhadi/project_Sahal/Scholara/backend/vendor/laravel/framework/src/Illuminate/Foundation/Http/Kernel.php(144): Illuminate\\Foundation\\Http\\Kernel->sendRequestThroughRouter(Object(Illuminate\\Http\\Request))
#56 /Users/sahalanwarhadi/project_Sahal/Scholara/backend/vendor/laravel/framework/src/Illuminate/Foundation/Application.php(1220): Illuminate\\Foundation\\Http\\Kernel->handle(Object(Illuminate\\Http\\Request))
#57 /Users/sahalanwarhadi/project_Sahal/Scholara/backend/public/index.php(20): Illuminate\\Foundation\\Application->handleRequest(Object(Illuminate\\Http\\Request))
#58 /Users/sahalanwarhadi/project_Sahal/Scholara/backend/vendor/laravel/framework/src/Illuminate/Foundation/resources/server.php(23): require_once('/Users/sahalanw...')
#59 {main}
"} 
[2026-10-06 16:47:20] local.WARNING: EncryptedString: Gagal dekripsi kolom. {"model":"App\\Models\\Guru","key":"nuptk","id":1} 
[2026-10-06 16:47:20] local.ERROR: Call to undefined relationship [kurikulum] on model [App\Models\Kelas]. {"userId":6,"exception":"[object] (Illuminate\\Database\\Eloquent\\RelationNotFoundException(code: 0): Call to undefined relationship [kurikulum] on model [App\\Models\\Kelas]. at /Users/sahalanwarhadi/project_Sahal/Scholara/backend/vendor/laravel/framework/src/Illuminate/Database/Eloquent/RelationNotFoundException.php:35)
[stacktrace]
#0 /Users/sahalanwarhadi/project_Sahal/Scholara/backend/vendor/laravel/framework/src/Illuminate/Database/Eloquent/Builder.php(969): Illuminate\\Database\\Eloquent\\RelationNotFoundException::make(Object(App\\Models\\Kelas), 'kurikulum')
#1 /Users/sahalanwarhadi/project_Sahal/Scholara/backend/vendor/laravel/framework/src/Illuminate/Database/Eloquent/Relations/Relation.php(119): Illuminate\\Database\\Eloquent\\Builder->Illuminate\\Database\\Eloquent\\{closure}()
#2 /Users/sahalanwarhadi/project_Sahal/Scholara/backend/vendor/laravel/framework/src/Illuminate/Database/Eloquent/Builder.php(965): Illuminate\\Database\\Eloquent\\Relations\\Relation::noConstraints(Object(Closure))
#3 /Users/sahalanwarhadi/project_Sahal/Scholara/backend/vendor/laravel/framework/src/Illuminate/Database/Eloquent/Builder.php(939): Illuminate\\Database\\Eloquent\\Builder->getRelation('kurikulum')
#4 /Users/sahalanwarhadi/project_Sahal/Scholara/backend/vendor/laravel/framework/src/Illuminate/Database/Eloquent/Builder.php(919): Illuminate\\Database\\Eloquent\\Builder->eagerLoadRelation(Array, 'kurikulum', Object(Closure))
#5 /Users/sahalanwarhadi/project_Sahal/Scholara/backend/vendor/laravel/framework/src/Illuminate/Database/Eloquent/Builder.php(885): Illuminate\\Database\\Eloquent\\Builder->eagerLoadRelations(Array)
#6 /Users/sahalanwarhadi/project_Sahal/Scholara/backend/app/Services/TahunAjaranService.php(77): Illuminate\\Database\\Eloquent\\Builder->get()
#7 /Users/sahalanwarhadi/project_Sahal/Scholara/backend/app/Http/Controllers/MasterData/TahunAjaranController.php(48): App\\Services\\TahunAjaranService->buildDetail(Object(App\\Models\\TahunAjaran))
#8 /Users/sahalanwarhadi/project_Sahal/Scholara/backend/vendor/laravel/framework/src/Illuminate/Routing/Controller.php(54): App\\Http\\Controllers\\MasterData\\TahunAjaranController->show('01M3S8SJDF9G55D...')
#9 /Users/sahalanwarhadi/project_Sahal/Scholara/backend/vendor/laravel/framework/src/Illuminate/Routing/ControllerDispatcher.php(43): Illuminate\\Routing\\Controller->callAction('show', Array)
#10 /Users/sahalanwarhadi/project_Sahal/Scholara/backend/vendor/laravel/framework/src/Illuminate/Routing/Route.php(265): Illuminate\\Routing\\ControllerDispatcher->dispatch(Object(Illuminate\\Routing\\Route), Object(App\\Http\\Controllers\\MasterData\\TahunAjaranController), 'show')
#11 /Users/sahalanwarhadi/project_Sahal/Scholara/backend/vendor/laravel/framework/src/Illuminate/Routing/Route.php(211): Illuminate\\Routing\\Route->runController()
#12 /Users/sahalanwarhadi/project_Sahal/Scholara/backend/vendor/laravel/framework/src/Illuminate/Routing/Router.php(822): Illuminate\\Routing\\Route->run()
#13 /Users/sahalanwarhadi/project_Sahal/Scholara/backend/vendor/laravel/framework/src/Illuminate/Pipeline/Pipeline.php(180): Illuminate\\Routing\\Router->Illuminate\\Routing\\{closure}(Object(Illuminate\\Http\\Request))
#14 /Users/sahalanwarhadi/project_Sahal/Scholara/backend/app/Http/Middleware/PermissionMiddleware.php(58): Illuminate\\Pipeline\\Pipeline->Illuminate\\Pipeline\\{closure}(Object(Illuminate\\Http\\Request))
#15 /Users/sahalanwarhadi/project_Sahal/Scholara/backend/vendor/laravel/framework/src/Illuminate/Pipeline/Pipeline.php(219): App\\Http\\Middleware\\PermissionMiddleware->handle(Object(Illuminate\\Http\\Request), Object(Closure), 'master_data.tah...')
#16 /Users/sahalanwarhadi/project_Sahal/Scholara/backend/app/Http/Middleware/RoleMiddleware.php(56): Illuminate\\Pipeline\\Pipeline->Illuminate\\Pipeline\\{closure}(Object(Illuminate\\Http\\Request))
#17 /Users/sahalanwarhadi/project_Sahal/Scholara/backend/vendor/laravel/framework/src/Illuminate/Pipeline/Pipeline.php(219): App\\Http\\Middleware\\RoleMiddleware->handle(Object(Illuminate\\Http\\Request), Object(Closure), 'operator', 'kepsek', 'wakasek', 'super_admin')
#18 /Users/sahalanwarhadi/project_Sahal/Scholara/backend/vendor/laravel/framework/src/Illuminate/Routing/Middleware/SubstituteBindings.php(50): Illuminate\\Pipeline\\Pipeline->Illuminate\\Pipeline\\{closure}(Object(Illuminate\\Http\\Request))
#19 /Users/sahalanwarhadi/project_Sahal/Scholara/backend/vendor/laravel/framework/src/Illuminate/Pipeline/Pipeline.php(219): Illuminate\\Routing\\Middleware\\SubstituteBindings->handle(Object(Illuminate\\Http\\Request), Object(Closure))
#20 /Users/sahalanwarhadi/project_Sahal/Scholara/backend/vendor/laravel/framework/src/Illuminate/Auth/Middleware/Authenticate.php(63): Illuminate\\Pipeline\\Pipeline->Illuminate\\Pipeline\\{closure}(Object(Illuminate\\Http\\Request))
#21 /Users/sahalanwarhadi/project_Sahal/Scholara/backend/vendor/laravel/framework/src/Illuminate/Pipeline/Pipeline.php(219): Illuminate\\Auth\\Middleware\\Authenticate->handle(Object(Illuminate\\Http\\Request), Object(Closure), 'sanctum')
#22 /Users/sahalanwarhadi/project_Sahal/Scholara/backend/app/Http/Middleware/TenantMiddleware.php(47): Illuminate\\Pipeline\\Pipeline->Illuminate\\Pipeline\\{closure}(Object(Illuminate\\Http\\Request))
#23 /Users/sahalanwarhadi/project_Sahal/Scholara/backend/vendor/laravel/framework/src/Illuminate/Pipeline/Pipeline.php(219): App\\Http\\Middleware\\TenantMiddleware->handle(Object(Illuminate\\Http\\Request), Object(Closure))
#24 /Users/sahalanwarhadi/project_Sahal/Scholara/backend/app/Http/Middleware/InjectTokenFromCookie.php(30): Illuminate\\Pipeline\\Pipeline->Illuminate\\Pipeline\\{closure}(Object(Illuminate\\Http\\Request))
#25 /Users/sahalanwarhadi/project_Sahal/Scholara/backend/vendor/laravel/framework/src/Illuminate/Pipeline/Pipeline.php(219): App\\Http\\Middleware\\InjectTokenFromCookie->handle(Object(Illuminate\\Http\\Request), Object(Closure))
#26 /Users/sahalanwarhadi/project_Sahal/Scholara/backend/vendor/laravel/framework/src/Illuminate/Http/Middleware/HandleCors.php(74): Illuminate\\Pipeline\\Pipeline->Illuminate\\Pipeline\\{closure}(Object(Illuminate\\Http\\Request))
#27 /Users/sahalanwarhadi/project_Sahal/Scholara/backend/vendor/laravel/framework/src/Illuminate/Pipeline/Pipeline.php(219): Illuminate\\Http\\Middleware\\HandleCors->handle(Object(Illuminate\\Http\\Request), Object(Closure))
#28 /Users/sahalanwarhadi/project_Sahal/Scholara/backend/vendor/laravel/framework/src/Illuminate/Pipeline/Pipeline.php(137): Illuminate\\Pipeline\\Pipeline->Illuminate\\Pipeline\\{closure}(Object(Illuminate\\Http\\Request))
#29 /Users/sahalanwarhadi/project_Sahal/Scholara/backend/vendor/laravel/framework/src/Illuminate/Routing/Router.php(821): Illuminate\\Pipeline\\Pipeline->then(Object(Closure))
#30 /Users/sahalanwarhadi/project_Sahal/Scholara/backend/vendor/laravel/framework/src/Illuminate/Routing/Router.php(800): Illuminate\\Routing\\Router->runRouteWithinStack(Object(Illuminate\\Routing\\Route), Object(Illuminate\\Http\\Request))
#31 /Users/sahalanwarhadi/project_Sahal/Scholara/backend/vendor/laravel/framework/src/Illuminate/Routing/Router.php(764): Illuminate\\Routing\\Router->runRoute(Object(Illuminate\\Http\\Request), Object(Illuminate\\Routing\\Route))
#32 /Users/sahalanwarhadi/project_Sahal/Scholara/backend/vendor/laravel/framework/src/Illuminate/Routing/Router.php(753): Illuminate\\Routing\\Router->dispatchToRoute(Object(Illuminate\\Http\\Request))
#33 /Users/sahalanwarhadi/project_Sahal/Scholara/backend/vendor/laravel/framework/src/Illuminate/Foundation/Http/Kernel.php(200): Illuminate\\Routing\\Router->dispatch(Object(Illuminate\\Http\\Request))
#34 /Users/sahalanwarhadi/project_Sahal/Scholara/backend/vendor/laravel/framework/src/Illuminate/Pipeline/Pipeline.php(180): Illuminate\\Foundation\\Http\\Kernel->Illuminate\\Foundation\\Http\\{closure}(Object(Illuminate\\Http\\Request))
#35 /Users/sahalanwarhadi/project_Sahal/Scholara/backend/vendor/laravel/framework/src/Illuminate/Foundation/Http/Middleware/TransformsRequest.php(21): Illuminate\\Pipeline\\Pipeline->Illuminate\\Pipeline\\{closure}(Object(Illuminate\\Http\\Request))
#36 /Users/sahalanwarhadi/project_Sahal/Scholara/backend/vendor/laravel/framework/src/Illuminate/Foundation/Http/Middleware/ConvertEmptyStringsToNull.php(31): Illuminate\\Foundation\\Http\\Middleware\\TransformsRequest->handle(Object(Illuminate\\Http\\Request), Object(Closure))
#37 /Users/sahalanwarhadi/project_Sahal/Scholara/backend/vendor/laravel/framework/src/Illuminate/Pipeline/Pipeline.php(219): Illuminate\\Foundation\\Http\\Middleware\\ConvertEmptyStringsToNull->handle(Object(Illuminate\\Http\\Request), Object(Closure))
#38 /Users/sahalanwarhadi/project_Sahal/Scholara/backend/vendor/laravel/framework/src/Illuminate/Foundation/Http/Middleware/TransformsRequest.php(21): Illuminate\\Pipeline\\Pipeline->Illuminate\\Pipeline\\{closure}(Object(Illuminate\\Http\\Request))
#39 /Users/sahalanwarhadi/project_Sahal/Scholara/backend/vendor/laravel/framework/src/Illuminate/Foundation/Http/Middleware/TrimStrings.php(51): Illuminate\\Foundation\\Http\\Middleware\\TransformsRequest->handle(Object(Illuminate\\Http\\Request), Object(Closure))
#40 /Users/sahalanwarhadi/project_Sahal/Scholara/backend/vendor/laravel/framework/src/Illuminate/Pipeline/Pipeline.php(219): Illuminate\\Foundation\\Http\\Middleware\\TrimStrings->handle(Object(Illuminate\\Http\\Request), Object(Closure))
#41 /Users/sahalanwarhadi/project_Sahal/Scholara/backend/vendor/laravel/framework/src/Illuminate/Http/Middleware/ValidatePostSize.php(27): Illuminate\\Pipeline\\Pipeline->Illuminate\\Pipeline\\{closure}(Object(Illuminate\\Http\\Request))
#42 /Users/sahalanwarhadi/project_Sahal/Scholara/backend/vendor/laravel/framework/src/Illuminate/Pipeline/Pipeline.php(219): Illuminate\\Http\\Middleware\\ValidatePostSize->handle(Object(Illuminate\\Http\\Request), Object(Closure))
#43 /Users/sahalanwarhadi/project_Sahal/Scholara/backend/vendor/laravel/framework/src/Illuminate/Foundation/Http/Middleware/PreventRequestsDuringMaintenance.php(109): Illuminate\\Pipeline\\Pipeline->Illuminate\\Pipeline\\{closure}(Object(Illuminate\\Http\\Request))
#44 /Users/sahalanwarhadi/project_Sahal/Scholara/backend/vendor/laravel/framework/src/Illuminate/Pipeline/Pipeline.php(219): Illuminate\\Foundation\\Http\\Middleware\\PreventRequestsDuringMaintenance->handle(Object(Illuminate\\Http\\Request), Object(Closure))
#45 /Users/sahalanwarhadi/project_Sahal/Scholara/backend/vendor/laravel/framework/src/Illuminate/Http/Middleware/HandleCors.php(74): Illuminate\\Pipeline\\Pipeline->Illuminate\\Pipeline\\{closure}(Object(Illuminate\\Http\\Request))
#46 /Users/sahalanwarhadi/project_Sahal/Scholara/backend/vendor/laravel/framework/src/Illuminate/Pipeline/Pipeline.php(219): Illuminate\\Http\\Middleware\\HandleCors->handle(Object(Illuminate\\Http\\Request), Object(Closure))
#47 /Users/sahalanwarhadi/project_Sahal/Scholara/backend/vendor/laravel/framework/src/Illuminate/Http/Middleware/TrustProxies.php(58): Illuminate\\Pipeline\\Pipeline->Illuminate\\Pipeline\\{closure}(Object(Illuminate\\Http\\Request))
#48 /Users/sahalanwarhadi/project_Sahal/Scholara/backend/vendor/laravel/framework/src/Illuminate/Pipeline/Pipeline.php(219): Illuminate\\Http\\Middleware\\TrustProxies->handle(Object(Illuminate\\Http\\Request), Object(Closure))
#49 /Users/sahalanwarhadi/project_Sahal/Scholara/backend/vendor/laravel/framework/src/Illuminate/Foundation/Http/Middleware/InvokeDeferredCallbacks.php(22): Illuminate\\Pipeline\\Pipeline->Illuminate\\Pipeline\\{closure}(Object(Illuminate\\Http\\Request))
#50 /Users/sahalanwarhadi/project_Sahal/Scholara/backend/vendor/laravel/framework/src/Illuminate/Pipeline/Pipeline.php(219): Illuminate\\Foundation\\Http\\Middleware\\InvokeDeferredCallbacks->handle(Object(Illuminate\\Http\\Request), Object(Closure))
#51 /Users/sahalanwarhadi/project_Sahal/Scholara/backend/vendor/laravel/framework/src/Illuminate/Http/Middleware/ValidatePathEncoding.php(26): Illuminate\\Pipeline\\Pipeline->Illuminate\\Pipeline\\{closure}(Object(Illuminate\\Http\\Request))
#52 /Users/sahalanwarhadi/project_Sahal/Scholara/backend/vendor/laravel/framework/src/Illuminate/Pipeline/Pipeline.php(219): Illuminate\\Http\\Middleware\\ValidatePathEncoding->handle(Object(Illuminate\\Http\\Request), Object(Closure))
#53 /Users/sahalanwarhadi/project_Sahal/Scholara/backend/vendor/laravel/framework/src/Illuminate/Pipeline/Pipeline.php(137): Illuminate\\Pipeline\\Pipeline->Illuminate\\Pipeline\\{closure}(Object(Illuminate\\Http\\Request))
#54 /Users/sahalanwarhadi/project_Sahal/Scholara/backend/vendor/laravel/framework/src/Illuminate/Foundation/Http/Kernel.php(175): Illuminate\\Pipeline\\Pipeline->then(Object(Closure))
#55 /Users/sahalanwarhadi/project_Sahal/Scholara/backend/vendor/laravel/framework/src/Illuminate/Foundation/Http/Kernel.php(144): Illuminate\\Foundation\\Http\\Kernel->sendRequestThroughRouter(Object(Illuminate\\Http\\Request))
#56 /Users/sahalanwarhadi/project_Sahal/Scholara/backend/vendor/laravel/framework/src/Illuminate/Foundation/Application.php(1220): Illuminate\\Foundation\\Http\\Kernel->handle(Object(Illuminate\\Http\\Request))
#57 /Users/sahalanwarhadi/project_Sahal/Scholara/backend/public/index.php(20): Illuminate\\Foundation\\Application->handleRequest(Object(Illuminate\\Http\\Request))
#58 /Users/sahalanwarhadi/project_Sahal/Scholara/backend/vendor/laravel/framework/src/Illuminate/Foundation/resources/server.php(23): require_once('/Users/sahalanw...')
#59 {main}
"} 
[2026-10-06 16:47:41] local.WARNING: EncryptedString: Gagal dekripsi kolom. {"model":"App\\Models\\Siswa","key":"nisn","id":3} 
[2026-10-06 16:47:41] local.WARNING: EncryptedString: Gagal dekripsi kolom. {"model":"App\\Models\\Siswa","key":"nisn","id":1} 
[2026-10-06 16:47:41] local.WARNING: EncryptedString: Gagal dekripsi kolom. {"model":"App\\Models\\Siswa","key":"nisn","id":4} 
[2026-10-06 16:47:41] local.WARNING: EncryptedString: Gagal dekripsi kolom. {"model":"App\\Models\\Siswa","key":"nisn","id":2} 
[2026-10-06 16:47:41] local.WARNING: EncryptedString: Gagal dekripsi kolom. {"model":"App\\Models\\Guru","key":"nuptk","id":1} 
